編號,學年度,資料來源,所屬學院,系所名稱,學制班級,獲獎學生,學生學號,指導老師,競賽層級,競賽或活動名稱,參賽項目或作品名稱,榮譽獎項,獎助金金額,發放與領獎狀態,通知時間,領獎截止日期,原畢業學校,佐證連結,備註,學期,活動類別,活動主辦單位,人數(男),人數(女),活動起始日期,活動結束日期,競賽項目是否與就讀科系相關
1,115學年度,113-3行政會議,護理學院,長期照顧學位學程,四技2年2班,郭威廷,11323434,李佳蓉 副教授,特殊優良事蹟,輔英科技大學校友會優秀學生獎學金,學業與服務特殊優良表現,特優獎學金,10000,通知已發送,2026-09-18,2026-10-21,高雄市立中山高級中學,https://drive.google.com/file/d/fy-award-proof-001/view,榮獲特優獎學金，展現輔英科技大學護理學院長期照顧學位學程師生優異研發與專業實力。,,,,,,,,
2,113學年度,115-1行政會議,醫學與健康學院,保健營養系,進二技2年1班,董宜蓁,11346463,張哲銘 教授,國內競賽,全國大專校院資訊應用創新競賽,醫療院所智慧排班與物料管理系統,亞軍,12000,通知已發送,2026-08-16,2026-10-25,國立鳳山高級中學,https://www.fooyin.edu.tw/news/detail/1002,榮獲亞軍，展現輔英科技大學醫學與健康學院保健營養系師生優異研發與專業實力。,,,,,,,,
3,113學年度,114-4行政會議,環境與生命學院,生物科技系,五專3年1班,鄭羽婷、羅佳蓉,11182357,黃宗賢 教授,特殊優良事蹟,高雄市青年局志工服務楷模,高齡社區義診與健康宣導服務隊,卓越志工獎,13000,通知已發送,2026-08-12,2026-10-16,高雄市立前鎮高級中學,https://www.fooyin.edu.tw/news/detail/1003,榮獲卓越志工獎，展現輔英科技大學環境與生命學院生物科技系師生優異研發與專業實力。,,,,,,,,
4,114學年度,113-3行政會議,醫學與健康學院,醫學檢驗生物技術系,四技4年1班,賴威任,11158520,林雅萍 副教授,國內競賽,臺灣大專院校醫技專題學術研討會,新型抗藥性細菌快速檢測晶片開發,佳作,5000,已線上簽領,2026-08-15,2026-10-22,國立屏東高級中學,https://drive.google.com/file/d/fy-award-proof-004/view,榮獲佳作，展現輔英科技大學醫學與健康學院醫學檢驗生物技術系師生優異研發與專業實力。,,,,,,,,
5,114學年度,校務會議紀錄,跨學院/校隊,全校跨領域團隊,四技3年1班,黃怡君、蘇健銘,11151347,劉國強 教授,體育競賽,全國大專院校運動會 (全大運),公開女子組田徑 400 公尺接力,金牌,11000,已完成撥款,2026-08-28,2026-10-25,高雄市立中山高級中學,https://drive.google.com/file/d/fy-award-proof-005/view,榮獲金牌，展現輔英科技大學跨學院/校隊全校跨領域團隊師生優異研發與專業實力。,,,,,,,,
6,114學年度,校務會議紀錄,人文與管理學院,資訊管理系,四技2年2班,莊浩宇,11386622,劉國強 教授,特殊優良事蹟,輔英科技大學校友會優秀學生獎學金,學業與服務特殊優良表現,特優獎學金,12000,通知已發送,2026-08-14,2026-10-30,國立鳳山高級中學,https://drive.google.com/file/d/fy-award-proof-006/view,榮獲特優獎學金，展現輔英科技大學人文與管理學院資訊管理系師生優異研發與專業實力。,,,,,,,,
7,113學年度,113-5行政會議,醫學與健康學院,保健營養系,四技4年1班,羅佳蓉,11288104,鄭淑芬 教授,特殊優良事蹟,高雄市青年局志工服務楷模,高齡社區義診與健康宣導服務隊,卓越志工獎,13000,已完成撥款,2026-08-10,2026-10-18,高雄市立前鎮高級中學,https://drive.google.com/file/d/fy-award-proof-007/view,榮獲卓越志工獎，展現輔英科技大學醫學與健康學院保健營養系師生優異研發與專業實力。,,,,,,,,
8,114學年度,校務會議紀錄,環境與生命學院,環境工程與科學系,四技2年2班,鍾名翔,11144522,王建智 教授,特殊優良事蹟,教育部大專優秀青年選拔,全國大專優秀青年代表榮譽,全國大專優秀青年,12000,已完成撥款,2026-08-26,2026-10-21,國立屏東高級中學,https://drive.google.com/file/d/fy-award-proof-008/view,榮獲全國大專優秀青年，展現輔英科技大學環境與生命學院環境工程與科學系師生優異研發與專業實力。,,,,,,,,
9,113學年度,115-1行政會議,跨學院/校隊,全校跨領域團隊,四技3年1班,鄭羽婷,11250306,陳秀美 助理教授,國際競賽,首爾國際發明展,高齡化智慧護理輔助照護裝置,銀牌,20000,已完成撥款,2026-08-12,2026-10-30,國立鳳山高級中學,https://drive.google.com/file/d/fy-award-proof-009/view,榮獲銀牌，展現輔英科技大學跨學院/校隊全校跨領域團隊師生優異研發與專業實力。,,,,,,,,
10,115學年度,113-5行政會議,醫學與健康學院,保健營養系,碩士班1年級,劉彥宏、莊浩宇、韓承翰,11180686,陳秀美 助理教授,體育競賽,全國大專游泳錦標賽,女子 200 公尺混合式,第一名,10000,已線上簽領,2026-08-26,2026-10-29,國立鳳山高級中學,https://www.fooyin.edu.tw/news/detail/1010,榮獲第一名，展現輔英科技大學醫學與健康學院保健營養系師生優異研發與專業實力。,,,,,,,,
11,113學年度,114-4行政會議,護理學院,長期照顧學位學程,進二技2年1班,蘇健銘,11119305,張哲銘 教授,國內競賽,全國技專校院學生實務專題製作競賽,智慧長期照護創新與臨床應用專題,第一名,12000,已完成撥款,2026-08-12,2026-10-22,輔英科技大學附設附中,https://drive.google.com/file/d/fy-award-proof-011/view,榮獲第一名，展現輔英科技大學護理學院長期照顧學位學程師生優異研發與專業實力。,,,,,,,,
12,113學年度,115-1行政會議,醫學與健康學院,保健營養系,碩士班1年級,薛紫晴,11234957,李佳蓉 副教授,國際競賽,美國IEEE國際生醫工程競賽,AI影像輔助診斷與檢驗系統,銅牌,12000,已線上簽領,2026-08-24,2026-10-16,高雄市立前鎮高級中學,https://drive.google.com/file/d/fy-award-proof-012/view,榮獲銅牌，展現輔英科技大學醫學與健康學院保健營養系師生優異研發與專業實力。,,,,,,,,
13,115學年度,113-3行政會議,護理學院,高齡全程照顧視導學士學位學程,四技3年1班,吳冠霖、葉馨文,11134931,鄭淑芬 教授,國內競賽,全國大專校院資訊應用創新競賽,醫療院所智慧排班與物料管理系統,亞軍,11000,通知已發送,2026-08-17,2026-10-17,高雄市立瑞祥高級中學,https://drive.google.com/file/d/fy-award-proof-013/view,榮獲亞軍，展現輔英科技大學護理學院高齡全程照顧視導學士學位學程師生優異研發與專業實力。,,,,,,,,
14,115學年度,113-3行政會議,護理學院,長期照顧學位學程,進二技2年1班,蔡詩涵、葉馨文,11163269,鄭淑芬 教授,專業證照,考選部醫事檢驗師國家考試,醫事檢驗師國家證照通過,考照通過,8000,已完成撥款,2026-08-15,2026-10-27,高雄市立高雄女子高級中學,https://drive.google.com/file/d/fy-award-proof-014/view,榮獲考照通過，展現輔英科技大學護理學院長期照顧學位學程師生優異研發與專業實力。,,,,,,,,
15,114學年度,114-9行政會議,環境與生命學院,職業安全衛生系,進二技2年1班,方冠華、楊晨欣,11148890,陳秀美 助理教授,國際競賽,日內瓦國際發明展,銀髮族急救安全監測穿戴裝置,特優,23000,待通知,,2026-10-25,高雄市立高雄女子高級中學,https://www.fooyin.edu.tw/news/detail/1015,榮獲特優，展現輔英科技大學環境與生命學院職業安全衛生系師生優異研發與專業實力。,,,,,,,,
16,114學年度,115-1行政會議,跨學院/校隊,全校跨領域團隊,五專3年1班,蔡詩涵、謝佩珊、許哲瑋,11318907,陳秀美 助理教授,專業證照,考選部專門職業及技術人員國考,護理師國家考試全國榜首與特優,榜首,20000,通知已發送,2026-08-11,2026-10-17,國立臺南第二高級中學,https://drive.google.com/file/d/fy-award-proof-016/view,榮獲榜首，展現輔英科技大學跨學院/校隊全校跨領域團隊師生優異研發與專業實力。,,,,,,,,
17,115學年度,115-1行政會議,環境與生命學院,生物科技系,四技1年1班,游智凱、葉馨文,11261876,王建智 教授,體育競賽,全國大專游泳錦標賽,女子 200 公尺混合式,第一名,10000,已完成撥款,2026-08-12,2026-10-15,高雄市立瑞祥高級中學,https://drive.google.com/file/d/fy-award-proof-017/view,榮獲第一名，展現輔英科技大學環境與生命學院生物科技系師生優異研發與專業實力。,,,,,,,,
18,115學年度,113-3行政會議,護理學院,長期照顧學位學程,四技1年1班,郭威廷,11219016,陳秀美 助理教授,體育競賽,全國大專校院排球聯賽 (UVL),公開二級女子排球錦標賽,亞軍,11000,已線上簽領,2026-08-27,2026-10-24,國立潮州高級中學,https://drive.google.com/file/d/fy-award-proof-018/view,榮獲亞軍，展現輔英科技大學護理學院長期照顧學位學程師生優異研發與專業實力。,,,,,,,,
19,115學年度,115-1行政會議,護理學院,長期照顧學位學程,進二技2年1班,吳冠霖,11144664,李佳蓉 副教授,國際競賽,日內瓦國際發明展,銀髮族急救安全監測穿戴裝置,特優,19000,通知已發送,2026-08-16,2026-10-25,高雄市立中山高級中學,https://drive.google.com/file/d/fy-award-proof-019/view,榮獲特優，展現輔英科技大學護理學院長期照顧學位學程師生優異研發與專業實力。,,,,,,,,
20,114學年度,115-1行政會議,人文與管理學院,應用外語系,五專3年1班,韓承翰,11215778,張哲銘 教授,體育競賽,全國大專校院羽球錦標賽,混合雙打組,冠軍,10000,通知已發送,2026-08-24,2026-10-28,國立岡山高級中學,https://www.fooyin.edu.tw/news/detail/1020,榮獲冠軍，展現輔英科技大學人文與管理學院應用外語系師生優異研發與專業實力。,,,,,,,,
21,113學年度,學校公開官方網站,醫學與健康學院,健康美容系,五專3年1班,楊晨欣、韓承翰,11115482,黃宗賢 教授,體育競賽,全國大專院校運動會 (全大運),公開女子組田徑 400 公尺接力,金牌,12000,通知已發送,2026-08-17,2026-10-18,國立臺南第一高級中學,https://drive.google.com/file/d/fy-award-proof-021/view,榮獲金牌，展現輔英科技大學醫學與健康學院健康美容系師生優異研發與專業實力。,,,,,,,,
22,114學年度,115-3行政會議,醫學與健康學院,物理治療系,五專5年1班,謝佩珊、唐千惠、林宇翔,11153540,劉國強 教授,國內競賽,臺灣大專院校醫技專題學術研討會,新型抗藥性細菌快速檢測晶片開發,佳作,6000,已完成撥款,2026-08-13,2026-10-27,高雄市立高雄女子高級中學,https://drive.google.com/file/d/fy-award-proof-022/view,榮獲佳作，展現輔英科技大學醫學與健康學院物理治療系師生優異研發與專業實力。,,,,,,,,
23,113學年度,113-8行政會議,人文與管理學院,應用外語系,四技2年2班,蘇健銘、林宇翔,11335313,劉國強 教授,體育競賽,全國大專校院排球聯賽 (UVL),公開二級女子排球錦標賽,亞軍,10000,已完成撥款,2026-08-18,2026-10-26,高雄市立前鎮高級中學,https://drive.google.com/file/d/fy-award-proof-023/view,榮獲亞軍，展現輔英科技大學人文與管理學院應用外語系師生優異研發與專業實力。,,,,,,,,
24,115學年度,115-1行政會議,環境與生命學院,環境工程與科學系,五專4年2班,莊浩宇、謝佩珊,11344795,張哲銘 教授,國際競賽,日內瓦國際發明展,銀髮族急救安全監測穿戴裝置,特優,21000,通知已發送,2026-08-20,2026-10-28,國立潮州高級中學,https://drive.google.com/file/d/fy-award-proof-024/view,榮獲特優，展現輔英科技大學環境與生命學院環境工程與科學系師生優異研發與專業實力。,,,,,,,,
25,113學年度,114-6行政會議,跨學院/校隊,全校跨領域團隊,四技2年2班,韓承翰,11178146,陳秀美 助理教授,體育競賽,全國大專游泳錦標賽,女子 200 公尺混合式,第一名,8000,已完成撥款,2026-08-20,2026-10-25,高雄市立前鎮高級中學,https://drive.google.com/file/d/fy-award-proof-025/view,榮獲第一名，展現輔英科技大學跨學院/校隊全校跨領域團隊師生優異研發與專業實力。,,,,,,,,
26,115學年度,114-2行政會議,跨學院/校隊,輔英運動代表隊,四技4年1班,呂宗翰,11326683,陳秀美 助理教授,專業證照,行政院環保署廢水處理專責人員,甲級廢水處理專責人員合格證書,甲級證照,7000,已線上簽領,2026-08-19,2026-10-27,國立岡山高級中學,https://drive.google.com/file/d/fy-award-proof-026/view,榮獲甲級證照，展現輔英科技大學跨學院/校隊輔英運動代表隊師生優異研發與專業實力。,,,,,,,,
27,114學年度,114-2行政會議,醫學與健康學院,營養與健康美容系,四技3年1班,董宜蓁,11338010,鄭淑芬 教授,國內競賽,全國技專校院學生實務專題製作競賽,智慧長期照護創新與臨床應用專題,第一名,14000,已線上簽領,2026-08-20,2026-10-17,中山工商,https://www.fooyin.edu.tw/news/detail/1027,榮獲第一名，展現輔英科技大學醫學與健康學院營養與健康美容系師生優異研發與專業實力。,,,,,,,,
28,114學年度,113-8行政會議,醫學與健康學院,物理治療系,五專3年1班,薛紫晴,11319545,鄭淑芬 教授,專業證照,勞動部技能檢定,美容甲級技術士專業證照,甲級證照,7000,已線上簽領,2026-08-22,2026-10-30,國立臺南第二高級中學,https://www.fooyin.edu.tw/news/detail/1028,榮獲甲級證照，展現輔英科技大學醫學與健康學院物理治療系師生優異研發與專業實力。,,,,,,,,
29,115學年度,學校公開官方網站,護理學院,護理系,四技4年1班,鍾名翔,11183060,陳秀美 助理教授,國際競賽,美國IEEE國際生醫工程競賽,AI影像輔助診斷與檢驗系統,銅牌,11000,已完成撥款,2026-08-26,2026-10-25,中山工商,https://drive.google.com/file/d/fy-award-proof-029/view,榮獲銅牌，展現輔英科技大學護理學院護理系師生優異研發與專業實力。,,,,,,,,
30,115學年度,學校公開官方網站,跨學院/校隊,輔英運動代表隊,進二技2年1班,劉彥宏,11372216,鄭淑芬 教授,體育競賽,全國大專校院羽球錦標賽,混合雙打組,冠軍,10000,已完成撥款,2026-08-26,2026-10-30,高雄市立前鎮高級中學,https://www.fooyin.edu.tw/news/detail/1030,榮獲冠軍，展現輔英科技大學跨學院/校隊輔英運動代表隊師生優異研發與專業實力。,,,,,,,,
31,114學年度,113-3行政會議,環境與生命學院,應用化學及材料科學系,四技2年2班,蔡詩涵,11129769,陳秀美 助理教授,專業證照,考選部醫事檢驗師國家考試,醫事檢驗師國家證照通過,考照通過,6000,待通知,,2026-10-28,國立臺南第一高級中學,https://drive.google.com/file/d/fy-award-proof-031/view,榮獲考照通過，展現輔英科技大學環境與生命學院應用化學及材料科學系師生優異研發與專業實力。,,,,,,,,
32,114學年度,113-1行政會議,醫學與健康學院,營養與健康美容系,四技4年1班,林宇翔、羅佳蓉、薛紫晴,11156105,黃宗賢 教授,專業證照,行政院環保署廢水處理專責人員,甲級廢水處理專責人員合格證書,甲級證照,11000,已線上簽領,2026-08-27,2026-10-22,高雄市立瑞祥高級中學,https://www.fooyin.edu.tw/news/detail/1032,榮獲甲級證照，展現輔英科技大學醫學與健康學院營養與健康美容系師生優異研發與專業實力。,,,,,,,,
33,114學年度,114-9行政會議,護理學院,高齡全程照顧視導學士學位學程,四技3年1班,宋尚霖、劉彥宏,11226728,張哲銘 教授,專業證照,勞動部技能檢定,美容甲級技術士專業證照,甲級證照,11000,已線上簽領,2026-08-12,2026-10-28,國立屏東高級中學,https://drive.google.com/file/d/fy-award-proof-033/view,榮獲甲級證照，展現輔英科技大學護理學院高齡全程照顧視導學士學位學程師生優異研發與專業實力。,,,,,,,,
34,113學年度,113-1行政會議,環境與生命學院,職業安全衛生系,四技3年1班,游智凱,11259692,黃宗賢 教授,專業證照,考選部物理治療師國家考試,物理治療師考照通過,考照通過,5000,已線上簽領,2026-08-27,2026-10-16,國立臺南第一高級中學,https://www.fooyin.edu.tw/news/detail/1034,榮獲考照通過，展現輔英科技大學環境與生命學院職業安全衛生系師生優異研發與專業實力。,,,,,,,,
35,113學年度,校務會議紀錄,護理學院,護理系,四技1年1班,林宇翔,11329973,陳秀美 助理教授,國內競賽,全國大專校院資訊應用創新競賽,醫療院所智慧排班與物料管理系統,亞軍,10000,已線上簽領,2026-08-16,2026-10-29,樹德家商,https://www.fooyin.edu.tw/news/detail/1035,榮獲亞軍，展現輔英科技大學護理學院護理系師生優異研發與專業實力。,,,,,,,,
36,114學年度,113-5行政會議,跨學院/校隊,創新創業培訓隊,五專4年2班,劉彥宏、蕭奉儀,11185849,張哲銘 教授,體育競賽,大專校院跆拳道錦標賽,男子品勢個人組,銅牌,8000,通知已發送,2026-08-16,2026-10-17,國立潮州高級中學,https://drive.google.com/file/d/fy-award-proof-036/view,榮獲銅牌，展現輔英科技大學跨學院/校隊創新創業培訓隊師生優異研發與專業實力。,,,,,,,,
37,115學年度,113-8行政會議,護理學院,長期照顧學位學程,四技2年2班,鄭羽婷、張家豪,11279827,劉國強 教授,體育競賽,全國大專院校運動會 (全大運),公開女子組田徑 400 公尺接力,金牌,15000,已線上簽領,2026-08-10,2026-10-28,高雄市立瑞祥高級中學,https://www.fooyin.edu.tw/news/detail/1037,榮獲金牌，展現輔英科技大學護理學院長期照顧學位學程師生優異研發與專業實力。,,,,,,,,
38,114學年度,校務會議紀錄,人文與管理學院,資訊管理系,四技4年1班,江佩君,11380539,鄭淑芬 教授,專業證照,行政院環保署廢水處理專責人員,甲級廢水處理專責人員合格證書,甲級證照,11000,通知已發送,2026-08-17,2026-10-17,輔英科技大學附設附中,https://drive.google.com/file/d/fy-award-proof-038/view,榮獲甲級證照，展現輔英科技大學人文與管理學院資訊管理系師生優異研發與專業實力。,,,,,,,,
39,113學年度,114-9行政會議,跨學院/校隊,創新創業培訓隊,四技4年1班,方冠華,11233834,鄭淑芬 教授,國內競賽,臺灣大專院校醫技專題學術研討會,新型抗藥性細菌快速檢測晶片開發,佳作,7000,通知已發送,2026-08-18,2026-10-15,國立岡山高級中學,https://drive.google.com/file/d/fy-award-proof-039/view,榮獲佳作，展現輔英科技大學跨學院/校隊創新創業培訓隊師生優異研發與專業實力。,,,,,,,,
40,113學年度,113-8行政會議,人文與管理學院,休閒與遊憩事業管理系,進二技2年1班,薛紫晴、方冠華,11212260,李佳蓉 副教授,體育競賽,全國大專校院羽球錦標賽,混合雙打組,冠軍,11000,已線上簽領,2026-08-19,2026-10-26,高雄市立瑞祥高級中學,https://drive.google.com/file/d/fy-award-proof-040/view,榮獲冠軍，展現輔英科技大學人文與管理學院休閒與遊憩事業管理系師生優異研發與專業實力。,,,,,,,,
41,114學年度,114-6行政會議,跨學院/校隊,輔英運動代表隊,四技3年1班,江佩君、蕭奉儀,11240217,李佳蓉 副教授,國內競賽,臺灣大專院校醫技專題學術研討會,新型抗藥性細菌快速檢測晶片開發,佳作,5000,已線上簽領,2026-08-15,2026-10-21,高雄市立中山高級中學,https://drive.google.com/file/d/fy-award-proof-041/view,榮獲佳作，展現輔英科技大學跨學院/校隊輔英運動代表隊師生優異研發與專業實力。,,,,,,,,
42,114學年度,學校公開官方網站,跨學院/校隊,創新創業培訓隊,四技2年2班,曾智捷、呂宗翰、蘇健銘,11233519,黃宗賢 教授,國際競賽,日內瓦國際發明展,銀髮族急救安全監測穿戴裝置,特優,19000,通知已發送,2026-08-11,2026-10-24,樹德家商,https://drive.google.com/file/d/fy-award-proof-042/view,榮獲特優，展現輔英科技大學跨學院/校隊創新創業培訓隊師生優異研發與專業實力。,,,,,,,,
43,115學年度,114-9行政會議,護理學院,護理系,四技2年2班,董宜蓁,11234164,張哲銘 教授,體育競賽,全國大專游泳錦標賽,女子 200 公尺混合式,第一名,8000,已完成撥款,2026-08-22,2026-10-30,國立鳳山高級中學,https://drive.google.com/file/d/fy-award-proof-043/view,榮獲第一名，展現輔英科技大學護理學院護理系師生優異研發與專業實力。,,,,,,,,
44,115學年度,113-1行政會議,醫學與健康學院,物理治療系,四技2年2班,葉馨文,11183147,劉國強 教授,特殊優良事蹟,國際紅十字會救護志工表揚,急救醫療服務與特殊貢獻,急救楷模,11000,通知已發送,2026-08-26,2026-10-27,高雄市立瑞祥高級中學,https://drive.google.com/file/d/fy-award-proof-044/view,榮獲急救楷模，展現輔英科技大學醫學與健康學院物理治療系師生優異研發與專業實力。,,,,,,,,
45,114學年度,115-3行政會議,人文與管理學院,應用外語系,五專3年1班,吳冠霖、彭思涵,11337659,黃宗賢 教授,國際競賽,首爾國際發明展,高齡化智慧護理輔助照護裝置,銀牌,16000,通知已發送,2026-08-12,2026-10-20,高雄市立高雄女子高級中學,https://drive.google.com/file/d/fy-award-proof-045/view,榮獲銀牌，展現輔英科技大學人文與管理學院應用外語系師生優異研發與專業實力。,,,,,,,,
46,115學年度,115-3行政會議,人文與管理學院,應用外語系,五專3年1班,呂宗翰,11369510,李佳蓉 副教授,國內競賽,臺灣大專院校醫技專題學術研討會,新型抗藥性細菌快速檢測晶片開發,佳作,10000,已線上簽領,2026-08-16,2026-10-28,國立鳳山高級中學,https://drive.google.com/file/d/fy-award-proof-046/view,榮獲佳作，展現輔英科技大學人文與管理學院應用外語系師生優異研發與專業實力。,,,,,,,,
47,115學年度,113-5行政會議,環境與生命學院,應用化學及材料科學系,五專4年2班,蕭奉儀,11384607,黃宗賢 教授,專業證照,考選部專門職業及技術人員國考,護理師國家考試全國榜首與特優,榜首,18000,已線上簽領,2026-08-22,2026-10-23,國立岡山高級中學,https://drive.google.com/file/d/fy-award-proof-047/view,榮獲榜首，展現輔英科技大學環境與生命學院應用化學及材料科學系師生優異研發與專業實力。,,,,,,,,
48,114學年度,113-3行政會議,跨學院/校隊,全校跨領域團隊,四技4年1班,莊浩宇、林宇翔,11140005,張哲銘 教授,體育競賽,大專校院跆拳道錦標賽,男子品勢個人組,銅牌,5000,已完成撥款,2026-08-15,2026-10-30,國立岡山高級中學,https://drive.google.com/file/d/fy-award-proof-048/view,榮獲銅牌，展現輔英科技大學跨學院/校隊全校跨領域團隊師生優異研發與專業實力。,,,,,,,,
49,114學年度,113-5行政會議,跨學院/校隊,輔英運動代表隊,碩士班1年級,薛紫晴、柯建宏、唐千惠,11252081,李佳蓉 副教授,國內競賽,臺灣大專院校醫技專題學術研討會,新型抗藥性細菌快速檢測晶片開發,佳作,8000,已線上簽領,2026-08-19,2026-10-27,中山工商,https://drive.google.com/file/d/fy-award-proof-049/view,榮獲佳作，展現輔英科技大學跨學院/校隊輔英運動代表隊師生優異研發與專業實力。,,,,,,,,
50,114學年度,113-3行政會議,環境與生命學院,生物科技系,四技3年1班,宋尚霖,11310150,鄭淑芬 教授,專業證照,考選部專門職業及技術人員國考,護理師國家考試全國榜首與特優,榜首,16000,已線上簽領,2026-08-25,2026-10-29,中山工商,https://www.fooyin.edu.tw/news/detail/1050,榮獲榜首，展現輔英科技大學環境與生命學院生物科技系師生優異研發與專業實力。,,,,,,,,
51,114學年度,115-1行政會議,醫學與健康學院,醫學影像暨放射科學系,碩士班1年級,方冠華、鄭羽婷,11192578,陳秀美 助理教授,國內競賽,臺灣大專院校醫技專題學術研討會,新型抗藥性細菌快速檢測晶片開發,佳作,10000,待通知,,2026-10-28,國立鳳山高級中學,https://www.fooyin.edu.tw/news/detail/1051,榮獲佳作，展現輔英科技大學醫學與健康學院醫學影像暨放射科學系師生優異研發與專業實力。,,,,,,,,
52,113學年度,114-9行政會議,護理學院,長期照顧學位學程,五專5年1班,呂宗翰,11345838,劉國強 教授,專業證照,行政院環保署廢水處理專責人員,甲級廢水處理專責人員合格證書,甲級證照,7000,已線上簽領,2026-08-14,2026-10-27,高雄市立中山高級中學,https://drive.google.com/file/d/fy-award-proof-052/view,榮獲甲級證照，展現輔英科技大學護理學院長期照顧學位學程師生優異研發與專業實力。,,,,,,,,
53,115學年度,學校公開官方網站,醫學與健康學院,醫學檢驗生物技術系,四技2年2班,唐千惠、簡雅雯,11345018,張哲銘 教授,體育競賽,全國大專校院排球聯賽 (UVL),公開二級女子排球錦標賽,亞軍,15000,已線上簽領,2026-08-25,2026-10-19,高雄市立瑞祥高級中學,https://drive.google.com/file/d/fy-award-proof-053/view,榮獲亞軍，展現輔英科技大學醫學與健康學院醫學檢驗生物技術系師生優異研發與專業實力。,,,,,,,,
54,114學年度,114-4行政會議,跨學院/校隊,創新創業培訓隊,四技4年1班,游智凱,11141300,劉國強 教授,國內競賽,全國大專校院資訊應用創新競賽,醫療院所智慧排班與物料管理系統,亞軍,10000,通知已發送,2026-08-25,2026-10-27,國立臺南第二高級中學,https://drive.google.com/file/d/fy-award-proof-054/view,榮獲亞軍，展現輔英科技大學跨學院/校隊創新創業培訓隊師生優異研發與專業實力。,,,,,,,,
55,115學年度,113-5行政會議,人文與管理學院,幼兒保育系,五專5年1班,簡雅雯,11167711,李佳蓉 副教授,特殊優良事蹟,輔英科技大學校友會優秀學生獎學金,學業與服務特殊優良表現,特優獎學金,10000,已線上簽領,2026-08-23,2026-10-19,國立鳳山高級中學,https://drive.google.com/file/d/fy-award-proof-055/view,榮獲特優獎學金，展現輔英科技大學人文與管理學院幼兒保育系師生優異研發與專業實力。,,,,,,,,
56,114學年度,114-4行政會議,跨學院/校隊,創新創業培訓隊,四技4年1班,簡雅雯、羅佳蓉,11292155,鄭淑芬 教授,特殊優良事蹟,教育部大專優秀青年選拔,全國大專優秀青年代表榮譽,全國大專優秀青年,15000,待通知,,2026-10-24,高雄市立中山高級中學,https://drive.google.com/file/d/fy-award-proof-056/view,榮獲全國大專優秀青年，展現輔英科技大學跨學院/校隊創新創業培訓隊師生優異研發與專業實力。,,,,,,,,
57,114學年度,113-3行政會議,護理學院,高齡全程照顧視導學士學位學程,五專5年1班,林宇翔、張家豪,11217355,黃宗賢 教授,體育競賽,全國大專校院排球聯賽 (UVL),公開二級女子排球錦標賽,亞軍,13000,待通知,,2026-10-28,國立潮州高級中學,https://drive.google.com/file/d/fy-award-proof-057/view,榮獲亞軍，展現輔英科技大學護理學院高齡全程照顧視導學士學位學程師生優異研發與專業實力。,,,,,,,,
58,113學年度,113-5行政會議,醫學與健康學院,醫學檢驗生物技術系,四技4年1班,葉馨文、方冠華,11328758,陳秀美 助理教授,專業證照,考選部物理治療師國家考試,物理治療師考照通過,考照通過,8000,通知已發送,2026-08-10,2026-10-29,輔英科技大學附設附中,https://drive.google.com/file/d/fy-award-proof-058/view,榮獲考照通過，展現輔英科技大學醫學與健康學院醫學檢驗生物技術系師生優異研發與專業實力。,,,,,,,,
59,113學年度,113-3行政會議,人文與管理學院,應用外語系,四技2年2班,韓承翰、莊浩宇,11249599,陳秀美 助理教授,專業證照,行政院環保署廢水處理專責人員,甲級廢水處理專責人員合格證書,甲級證照,6000,通知已發送,2026-08-28,2026-10-26,國立潮州高級中學,https://www.fooyin.edu.tw/news/detail/1059,榮獲甲級證照，展現輔英科技大學人文與管理學院應用外語系師生優異研發與專業實力。,,,,,,,,
60,115學年度,114-2行政會議,護理學院,長期照顧學位學程,四技4年1班,黃怡君,11375107,黃宗賢 教授,國內競賽,高雄市大專青年盃社會創新提案,社區高齡健康促進與營養膳食推廣,特優,10000,通知已發送,2026-08-16,2026-10-23,高雄市立前鎮高級中學,https://drive.google.com/file/d/fy-award-proof-060/view,榮獲特優，展現輔英科技大學護理學院長期照顧學位學程師生優異研發與專業實力。,,,,,,,,
61,115學年度,校務會議紀錄,醫學與健康學院,保健營養系,五專4年2班,張家豪、蕭奉儀、董宜蓁,11185965,林雅萍 副教授,國內競賽,全國技專校院學生實務專題製作競賽,智慧長期照護創新與臨床應用專題,第一名,14000,通知已發送,2026-08-23,2026-10-20,高雄市立中山高級中學,https://www.fooyin.edu.tw/news/detail/1061,榮獲第一名，展現輔英科技大學醫學與健康學院保健營養系師生優異研發與專業實力。,,,,,,,,
62,115學年度,114-4行政會議,跨學院/校隊,創新創業培訓隊,四技2年2班,莊浩宇、薛紫晴,11254396,李佳蓉 副教授,專業證照,考選部專門職業及技術人員國考,護理師國家考試全國榜首與特優,榜首,16000,已完成撥款,2026-08-17,2026-10-27,中山工商,https://drive.google.com/file/d/fy-award-proof-062/view,榮獲榜首，展現輔英科技大學跨學院/校隊創新創業培訓隊師生優異研發與專業實力。,,,,,,,,
63,113學年度,114-6行政會議,護理學院,高齡全程照顧視導學士學位學程,進二技2年1班,賴威任,11398125,黃宗賢 教授,特殊優良事蹟,輔英科技大學校友會優秀學生獎學金,學業與服務特殊優良表現,特優獎學金,12000,待通知,,2026-10-22,高雄市立瑞祥高級中學,https://www.fooyin.edu.tw/news/detail/1063,榮獲特優獎學金，展現輔英科技大學護理學院高齡全程照顧視導學士學位學程師生優異研發與專業實力。,,,,,,,,
64,115學年度,114-4行政會議,跨學院/校隊,全校跨領域團隊,五專4年2班,鍾名翔、蕭奉儀,11363516,李佳蓉 副教授,國內競賽,全國技專校院學生實務專題製作競賽,智慧長期照護創新與臨床應用專題,第一名,12000,通知已發送,2026-08-25,2026-10-18,國立鳳山高級中學,https://www.fooyin.edu.tw/news/detail/1064,榮獲第一名，展現輔英科技大學跨學院/校隊全校跨領域團隊師生優異研發與專業實力。,,,,,,,,
65,115學年度,113-5行政會議,人文與管理學院,休閒與遊憩事業管理系,四技3年1班,唐千惠、楊晨欣,11295841,李佳蓉 副教授,專業證照,勞動部技能檢定,美容甲級技術士專業證照,甲級證照,9000,已完成撥款,2026-08-18,2026-10-16,樹德家商,https://drive.google.com/file/d/fy-award-proof-065/view,榮獲甲級證照，展現輔英科技大學人文與管理學院休閒與遊憩事業管理系師生優異研發與專業實力。,,,,,,,,
66,114學年度,114-9行政會議,醫學與健康學院,醫學影像暨放射科學系,五專4年2班,賴威任、柯建宏、黃怡君,11246160,陳秀美 助理教授,國際競賽,美國IEEE國際生醫工程競賽,AI影像輔助診斷與檢驗系統,銅牌,10000,已線上簽領,2026-08-10,2026-10-16,中山工商,https://drive.google.com/file/d/fy-award-proof-066/view,榮獲銅牌，展現輔英科技大學醫學與健康學院醫學影像暨放射科學系師生優異研發與專業實力。,,,,,,,,
67,113學年度,115-3行政會議,醫學與健康學院,醫學檢驗生物技術系,進二技2年1班,彭思涵,11153064,王建智 教授,特殊優良事蹟,教育部大專優秀青年選拔,全國大專優秀青年代表榮譽,全國大專優秀青年,12000,已完成撥款,2026-08-14,2026-10-19,國立岡山高級中學,https://www.fooyin.edu.tw/news/detail/1067,榮獲全國大專優秀青年，展現輔英科技大學醫學與健康學院醫學檢驗生物技術系師生優異研發與專業實力。,,,,,,,,
68,113學年度,113-3行政會議,護理學院,護理系,五專3年1班,葉馨文,11352437,張哲銘 教授,國內競賽,臺灣大專院校醫技專題學術研討會,新型抗藥性細菌快速檢測晶片開發,佳作,5000,待通知,,2026-10-28,國立岡山高級中學,https://www.fooyin.edu.tw/news/detail/1068,榮獲佳作，展現輔英科技大學護理學院護理系師生優異研發與專業實力。,,,,,,,,
69,113學年度,114-9行政會議,人文與管理學院,應用外語系,進二技2年1班,董宜蓁,11339038,張哲銘 教授,特殊優良事蹟,高雄市青年局志工服務楷模,高齡社區義診與健康宣導服務隊,卓越志工獎,11000,已線上簽領,2026-08-10,2026-10-16,高雄市立瑞祥高級中學,https://drive.google.com/file/d/fy-award-proof-069/view,榮獲卓越志工獎，展現輔英科技大學人文與管理學院應用外語系師生優異研發與專業實力。,,,,,,,,
70,114學年度,校務會議紀錄,護理學院,高齡全程照顧視導學士學位學程,碩士班1年級,蔡詩涵,11289730,王建智 教授,國際競賽,首爾國際發明展,高齡化智慧護理輔助照護裝置,銀牌,17000,已線上簽領,2026-08-28,2026-10-25,國立臺南第二高級中學,https://drive.google.com/file/d/fy-award-proof-070/view,榮獲銀牌，展現輔英科技大學護理學院高齡全程照顧視導學士學位學程師生優異研發與專業實力。,,,,,,,,
71,115學年度,114-2行政會議,人文與管理學院,休閒與遊憩事業管理系,五專4年2班,鄭羽婷、彭思涵,11269186,陳秀美 助理教授,專業證照,考選部物理治療師國家考試,物理治療師考照通過,考照通過,8000,通知已發送,2026-08-13,2026-10-25,國立臺南第二高級中學,https://drive.google.com/file/d/fy-award-proof-071/view,榮獲考照通過，展現輔英科技大學人文與管理學院休閒與遊憩事業管理系師生優異研發與專業實力。,,,,,,,,
72,114學年度,114-4行政會議,醫學與健康學院,保健營養系,碩士班1年級,蔡詩涵,11166606,李佳蓉 副教授,體育競賽,全國大專校院羽球錦標賽,混合雙打組,冠軍,13000,待通知,,2026-10-25,高雄市立前鎮高級中學,https://www.fooyin.edu.tw/news/detail/1072,榮獲冠軍，展現輔英科技大學醫學與健康學院保健營養系師生優異研發與專業實力。,,,,,,,,
73,114學年度,校務會議紀錄,人文與管理學院,幼兒保育系,四技2年2班,柯建宏、吳冠霖,11376507,陳秀美 助理教授,國內競賽,全國大專校院資訊應用創新競賽,醫療院所智慧排班與物料管理系統,亞軍,11000,已完成撥款,2026-08-21,2026-10-26,國立鳳山高級中學,https://drive.google.com/file/d/fy-award-proof-073/view,榮獲亞軍，展現輔英科技大學人文與管理學院幼兒保育系師生優異研發與專業實力。,,,,,,,,
74,115學年度,113-8行政會議,人文與管理學院,幼兒保育系,四技2年2班,江佩君,11350499,林雅萍 副教授,體育競賽,全國大專院校運動會 (全大運),公開女子組田徑 400 公尺接力,金牌,11000,已完成撥款,2026-08-28,2026-10-27,國立鳳山高級中學,https://www.fooyin.edu.tw/news/detail/1074,榮獲金牌，展現輔英科技大學人文與管理學院幼兒保育系師生優異研發與專業實力。,,,,,,,,
75,115學年度,113-1行政會議,護理學院,長期照顧學位學程,進二技2年1班,唐千惠,11254681,王建智 教授,體育競賽,全國大專校院排球聯賽 (UVL),公開二級女子排球錦標賽,亞軍,12000,已完成撥款,2026-08-28,2026-10-17,高雄市立高雄女子高級中學,https://www.fooyin.edu.tw/news/detail/1075,榮獲亞軍，展現輔英科技大學護理學院長期照顧學位學程師生優異研發與專業實力。,,,,,,,,
76,115學年度,113-1行政會議,護理學院,高齡全程照顧視導學士學位學程,碩士班1年級,方冠華、董宜蓁,11245804,陳秀美 助理教授,特殊優良事蹟,教育部大專優秀青年選拔,全國大專優秀青年代表榮譽,全國大專優秀青年,12000,已線上簽領,2026-08-19,2026-10-30,國立岡山高級中學,https://drive.google.com/file/d/fy-award-proof-076/view,榮獲全國大專優秀青年，展現輔英科技大學護理學院高齡全程照顧視導學士學位學程師生優異研發與專業實力。,,,,,,,,
77,113學年度,113-8行政會議,人文與管理學院,幼兒保育系,五專3年1班,彭思涵,11143491,黃宗賢 教授,體育競賽,全國大專院校運動會 (全大運),公開女子組田徑 400 公尺接力,金牌,10000,已線上簽領,2026-08-23,2026-10-20,國立屏東高級中學,https://drive.google.com/file/d/fy-award-proof-077/view,榮獲金牌，展現輔英科技大學人文與管理學院幼兒保育系師生優異研發與專業實力。,,,,,,,,
78,115學年度,113-8行政會議,跨學院/校隊,創新創業培訓隊,四技3年1班,張家豪,11212456,鄭淑芬 教授,國際競賽,日本東京國際發明展,綠色永續水質微藻淨化技術,金牌,25000,已線上簽領,2026-08-22,2026-10-28,輔英科技大學附設附中,https://www.fooyin.edu.tw/news/detail/1078,榮獲金牌，展現輔英科技大學跨學院/校隊創新創業培訓隊師生優異研發與專業實力。,,,,,,,,
79,113學年度,114-4行政會議,醫學與健康學院,健康美容系,碩士班1年級,賴威任、蔡詩涵,11223875,陳秀美 助理教授,專業證照,勞動部技能檢定,美容甲級技術士專業證照,甲級證照,9000,已線上簽領,2026-08-22,2026-10-24,樹德家商,https://drive.google.com/file/d/fy-award-proof-079/view,榮獲甲級證照，展現輔英科技大學醫學與健康學院健康美容系師生優異研發與專業實力。,,,,,,,,
80,114學年度,113-5行政會議,護理學院,長期照顧學位學程,五專4年2班,曾智捷,11256019,王建智 教授,國內競賽,全國技專校院學生實務專題製作競賽,智慧長期照護創新與臨床應用專題,第一名,13000,通知已發送,2026-08-15,2026-10-19,中山工商,https://drive.google.com/file/d/fy-award-proof-080/view,榮獲第一名，展現輔英科技大學護理學院長期照顧學位學程師生優異研發與專業實力。,,,,,,,,
81,113學年度,113-5行政會議,人文與管理學院,休閒與遊憩事業管理系,碩士班1年級,游智凱、楊晨欣,11218950,鄭淑芬 教授,專業證照,考選部物理治療師國家考試,物理治療師考照通過,考照通過,7000,已線上簽領,2026-08-21,2026-10-17,輔英科技大學附設附中,https://drive.google.com/file/d/fy-award-proof-081/view,榮獲考照通過，展現輔英科技大學人文與管理學院休閒與遊憩事業管理系師生優異研發與專業實力。,,,,,,,,
82,113學年度,113-1行政會議,環境與生命學院,生物科技系,五專4年2班,蔡詩涵、羅佳蓉,11286064,張哲銘 教授,專業證照,勞動部技能檢定,美容甲級技術士專業證照,甲級證照,7000,通知已發送,2026-08-25,2026-10-19,高雄市立高雄女子高級中學,https://drive.google.com/file/d/fy-award-proof-082/view,榮獲甲級證照，展現輔英科技大學環境與生命學院生物科技系師生優異研發與專業實力。,,,,,,,,
83,114學年度,學校公開官方網站,護理學院,長期照顧學位學程,五專5年1班,董宜蓁,11278690,王建智 教授,體育競賽,全國大專校院排球聯賽 (UVL),公開二級女子排球錦標賽,亞軍,12000,通知已發送,2026-08-20,2026-10-16,中山工商,https://drive.google.com/file/d/fy-award-proof-083/view,榮獲亞軍，展現輔英科技大學護理學院長期照顧學位學程師生優異研發與專業實力。,,,,,,,,
84,114學年度,113-3行政會議,環境與生命學院,環境工程與科學系,進二技2年1班,呂宗翰、莊浩宇,11396057,王建智 教授,體育競賽,全國大專院校運動會 (全大運),公開女子組田徑 400 公尺接力,金牌,15000,已線上簽領,2026-08-21,2026-10-24,高雄市立前鎮高級中學,https://drive.google.com/file/d/fy-award-proof-084/view,榮獲金牌，展現輔英科技大學環境與生命學院環境工程與科學系師生優異研發與專業實力。,,,,,,,,
85,114學年度,113-5行政會議,跨學院/校隊,創新創業培訓隊,五專4年2班,羅佳蓉,11353054,王建智 教授,特殊優良事蹟,教育部大專優秀青年選拔,全國大專優秀青年代表榮譽,全國大專優秀青年,13000,已線上簽領,2026-08-10,2026-10-26,輔英科技大學附設附中,https://www.fooyin.edu.tw/news/detail/1085,榮獲全國大專優秀青年，展現輔英科技大學跨學院/校隊創新創業培訓隊師生優異研發與專業實力。,,,,,,,,
86,113學年度,114-4行政會議,人文與管理學院,資訊管理系,四技1年1班,楊晨欣、許哲瑋、呂宗翰,11176543,張哲銘 教授,體育競賽,大專校院跆拳道錦標賽,男子品勢個人組,銅牌,6000,已線上簽領,2026-08-14,2026-10-20,國立屏東高級中學,https://drive.google.com/file/d/fy-award-proof-086/view,榮獲銅牌，展現輔英科技大學人文與管理學院資訊管理系師生優異研發與專業實力。,,,,,,,,
87,115學年度,113-5行政會議,人文與管理學院,幼兒保育系,四技4年1班,葉馨文,11290031,黃宗賢 教授,專業證照,考選部醫事檢驗師國家考試,醫事檢驗師國家證照通過,考照通過,10000,通知已發送,2026-08-25,2026-10-21,國立臺南第一高級中學,https://drive.google.com/file/d/fy-award-proof-087/view,榮獲考照通過，展現輔英科技大學人文與管理學院幼兒保育系師生優異研發與專業實力。,,,,,,,,
88,115學年度,114-9行政會議,人文與管理學院,應用外語系,四技4年1班,唐千惠,11136174,王建智 教授,體育競賽,全國大專院校運動會 (全大運),公開女子組田徑 400 公尺接力,金牌,13000,已完成撥款,2026-08-27,2026-10-18,樹德家商,https://drive.google.com/file/d/fy-award-proof-088/view,榮獲金牌，展現輔英科技大學人文與管理學院應用外語系師生優異研發與專業實力。,,,,,,,,
89,113學年度,114-2行政會議,護理學院,護理系,四技2年2班,楊晨欣,11222021,陳秀美 助理教授,專業證照,考選部物理治療師國家考試,物理治療師考照通過,考照通過,5000,已線上簽領,2026-08-22,2026-10-26,高雄市立中山高級中學,https://drive.google.com/file/d/fy-award-proof-089/view,榮獲考照通過，展現輔英科技大學護理學院護理系師生優異研發與專業實力。,,,,,,,,
90,113學年度,114-4行政會議,醫學與健康學院,醫學檢驗生物技術系,四技3年1班,簡雅雯、楊晨欣、郭威廷,11147601,鄭淑芬 教授,國內競賽,全國大專校院資訊應用創新競賽,醫療院所智慧排班與物料管理系統,亞軍,13000,已線上簽領,2026-08-12,2026-10-15,輔英科技大學附設附中,https://www.fooyin.edu.tw/news/detail/1090,榮獲亞軍，展現輔英科技大學醫學與健康學院醫學檢驗生物技術系師生優異研發與專業實力。,,,,,,,,
91,113學年度,115-1行政會議,跨學院/校隊,創新創業培訓隊,四技4年1班,呂宗翰,11149472,李佳蓉 副教授,國際競賽,首爾國際發明展,高齡化智慧護理輔助照護裝置,銀牌,18000,已線上簽領,2026-08-24,2026-10-17,國立鳳山高級中學,https://drive.google.com/file/d/fy-award-proof-091/view,榮獲銀牌，展現輔英科技大學跨學院/校隊創新創業培訓隊師生優異研發與專業實力。,,,,,,,,
92,114學年度,115-3行政會議,跨學院/校隊,全校跨領域團隊,進二技2年1班,楊晨欣,11266261,張哲銘 教授,特殊優良事蹟,高雄市青年局志工服務楷模,高齡社區義診與健康宣導服務隊,卓越志工獎,9000,已線上簽領,2026-08-15,2026-10-17,國立岡山高級中學,https://drive.google.com/file/d/fy-award-proof-092/view,榮獲卓越志工獎，展現輔英科技大學跨學院/校隊全校跨領域團隊師生優異研發與專業實力。,,,,,,,,
93,113學年度,115-1行政會議,跨學院/校隊,創新創業培訓隊,進二技2年1班,羅佳蓉,11215706,劉國強 教授,體育競賽,全國大專校院排球聯賽 (UVL),公開二級女子排球錦標賽,亞軍,10000,通知已發送,2026-08-12,2026-10-26,高雄市立中山高級中學,https://drive.google.com/file/d/fy-award-proof-093/view,榮獲亞軍，展現輔英科技大學跨學院/校隊創新創業培訓隊師生優異研發與專業實力。,,,,,,,,
94,115學年度,113-3行政會議,跨學院/校隊,創新創業培訓隊,四技3年1班,柯建宏,11354374,王建智 教授,專業證照,行政院環保署廢水處理專責人員,甲級廢水處理專責人員合格證書,甲級證照,7000,已完成撥款,2026-08-12,2026-10-29,高雄市立高雄女子高級中學,https://www.fooyin.edu.tw/news/detail/1094,榮獲甲級證照，展現輔英科技大學跨學院/校隊創新創業培訓隊師生優異研發與專業實力。,,,,,,,,
95,113學年度,113-8行政會議,護理學院,高齡全程照顧視導學士學位學程,四技2年2班,薛紫晴,11214799,陳秀美 助理教授,體育競賽,全國大專校院排球聯賽 (UVL),公開二級女子排球錦標賽,亞軍,10000,已完成撥款,2026-08-20,2026-10-23,國立鳳山高級中學,https://drive.google.com/file/d/fy-award-proof-095/view,榮獲亞軍，展現輔英科技大學護理學院高齡全程照顧視導學士學位學程師生優異研發與專業實力。,,,,,,,,
96,114學年度,114-6行政會議,人文與管理學院,休閒與遊憩事業管理系,四技3年1班,方冠華、賴威任、江佩君,11165640,李佳蓉 副教授,專業證照,勞動部技能檢定,美容甲級技術士專業證照,甲級證照,7000,已線上簽領,2026-08-20,2026-10-18,國立鳳山高級中學,https://drive.google.com/file/d/fy-award-proof-096/view,榮獲甲級證照，展現輔英科技大學人文與管理學院休閒與遊憩事業管理系師生優異研發與專業實力。,,,,,,,,
97,114學年度,114-2行政會議,人文與管理學院,休閒與遊憩事業管理系,五專5年1班,柯建宏、董宜蓁,11156210,劉國強 教授,體育競賽,全國大專院校運動會 (全大運),公開女子組田徑 400 公尺接力,金牌,10000,已線上簽領,2026-08-22,2026-10-26,國立岡山高級中學,https://drive.google.com/file/d/fy-award-proof-097/view,榮獲金牌，展現輔英科技大學人文與管理學院休閒與遊憩事業管理系師生優異研發與專業實力。,,,,,,,,
98,115學年度,113-5行政會議,護理學院,護理系,碩士班1年級,許哲瑋,11194562,林雅萍 副教授,體育競賽,全國大專游泳錦標賽,女子 200 公尺混合式,第一名,13000,待通知,,2026-10-19,高雄市立前鎮高級中學,https://drive.google.com/file/d/fy-award-proof-098/view,榮獲第一名，展現輔英科技大學護理學院護理系師生優異研發與專業實力。,,,,,,,,
99,114學年度,114-4行政會議,人文與管理學院,幼兒保育系,五專5年1班,宋尚霖,11295139,黃宗賢 教授,國內競賽,全國技專校院學生實務專題製作競賽,智慧長期照護創新與臨床應用專題,第一名,12000,已線上簽領,2026-08-25,2026-10-27,國立岡山高級中學,https://www.fooyin.edu.tw/news/detail/1099,榮獲第一名，展現輔英科技大學人文與管理學院幼兒保育系師生優異研發與專業實力。,,,,,,,,
100,114學年度,學校公開官方網站,人文與管理學院,資訊管理系,四技2年2班,方冠華、曾智捷,11127790,李佳蓉 副教授,專業證照,考選部醫事檢驗師國家考試,醫事檢驗師國家證照通過,考照通過,8000,已完成撥款,2026-08-20,2026-10-26,樹德家商,https://www.fooyin.edu.tw/news/detail/1100,榮獲考照通過，展現輔英科技大學人文與管理學院資訊管理系師生優異研發與專業實力。,,,,,,,,
101,115學年度,114-2行政會議,環境與生命學院,應用化學及材料科學系,五專5年1班,蘇健銘、鄭羽婷,11128202,陳秀美 助理教授,專業證照,考選部專門職業及技術人員國考,護理師國家考試全國榜首與特優,榜首,17000,已線上簽領,2026-08-21,2026-10-29,中山工商,https://drive.google.com/file/d/fy-award-proof-101/view,榮獲榜首，展現輔英科技大學環境與生命學院應用化學及材料科學系師生優異研發與專業實力。,,,,,,,,
102,113學年度,115-3行政會議,護理學院,護理系,四技2年2班,薛紫晴,11363843,劉國強 教授,特殊優良事蹟,教育部大專優秀青年選拔,全國大專優秀青年代表榮譽,全國大專優秀青年,11000,已完成撥款,2026-08-12,2026-10-29,高雄市立瑞祥高級中學,https://drive.google.com/file/d/fy-award-proof-102/view,榮獲全國大專優秀青年，展現輔英科技大學護理學院護理系師生優異研發與專業實力。,,,,,,,,
103,114學年度,113-5行政會議,跨學院/校隊,創新創業培訓隊,五專5年1班,郭威廷、韓承翰,11317263,李佳蓉 副教授,特殊優良事蹟,教育部青年署青聚點地方創生計畫,偏鄉長者健康關懷與社會實踐服務,績優團隊,14000,通知已發送,2026-08-20,2026-10-22,國立臺南第一高級中學,https://drive.google.com/file/d/fy-award-proof-103/view,榮獲績優團隊，展現輔英科技大學跨學院/校隊創新創業培訓隊師生優異研發與專業實力。,,,,,,,,
104,115學年度,114-2行政會議,護理學院,高齡全程照顧視導學士學位學程,四技1年1班,江佩君、郭威廷,11349691,李佳蓉 副教授,特殊優良事蹟,教育部青年署青聚點地方創生計畫,偏鄉長者健康關懷與社會實踐服務,績優團隊,17000,已完成撥款,2026-08-14,2026-10-20,高雄市立前鎮高級中學,https://drive.google.com/file/d/fy-award-proof-104/view,榮獲績優團隊，展現輔英科技大學護理學院高齡全程照顧視導學士學位學程師生優異研發與專業實力。,,,,,,,,
105,115學年度,114-4行政會議,跨學院/校隊,全校跨領域團隊,五專3年1班,莊浩宇,11337631,劉國強 教授,特殊優良事蹟,教育部大專優秀青年選拔,全國大專優秀青年代表榮譽,全國大專優秀青年,13000,已完成撥款,2026-08-27,2026-10-24,高雄市立前鎮高級中學,https://drive.google.com/file/d/fy-award-proof-105/view,榮獲全國大專優秀青年，展現輔英科技大學跨學院/校隊全校跨領域團隊師生優異研發與專業實力。,,,,,,,,
106,114學年度,113-8行政會議,人文與管理學院,應用外語系,碩士班1年級,黃怡君,11167619,劉國強 教授,專業證照,行政院環保署廢水處理專責人員,甲級廢水處理專責人員合格證書,甲級證照,7000,通知已發送,2026-08-14,2026-10-25,樹德家商,https://drive.google.com/file/d/fy-award-proof-106/view,榮獲甲級證照，展現輔英科技大學人文與管理學院應用外語系師生優異研發與專業實力。,,,,,,,,
107,114學年度,114-6行政會議,醫學與健康學院,醫學影像暨放射科學系,進二技2年1班,游智凱,11171141,李佳蓉 副教授,體育競賽,全國大專游泳錦標賽,女子 200 公尺混合式,第一名,9000,待通知,,2026-10-16,輔英科技大學附設附中,https://drive.google.com/file/d/fy-award-proof-107/view,榮獲第一名，展現輔英科技大學醫學與健康學院醫學影像暨放射科學系師生優異研發與專業實力。,,,,,,,,
108,115學年度,114-6行政會議,醫學與健康學院,物理治療系,四技3年1班,游智凱、曾智捷、劉彥宏,11277466,鄭淑芬 教授,專業證照,考選部物理治療師國家考試,物理治療師考照通過,考照通過,8000,待通知,,2026-10-27,國立岡山高級中學,https://drive.google.com/file/d/fy-award-proof-108/view,榮獲考照通過，展現輔英科技大學醫學與健康學院物理治療系師生優異研發與專業實力。,,,,,,,,
109,113學年度,113-8行政會議,跨學院/校隊,輔英運動代表隊,五專3年1班,方冠華,11395755,鄭淑芬 教授,體育競賽,大專校院跆拳道錦標賽,男子品勢個人組,銅牌,5000,已完成撥款,2026-08-23,2026-10-19,輔英科技大學附設附中,https://drive.google.com/file/d/fy-award-proof-109/view,榮獲銅牌，展現輔英科技大學跨學院/校隊輔英運動代表隊師生優異研發與專業實力。,,,,,,,,
110,114學年度,114-4行政會議,護理學院,高齡全程照顧視導學士學位學程,五專3年1班,曾智捷,11282512,黃宗賢 教授,國際競賽,美國IEEE國際生醫工程競賽,AI影像輔助診斷與檢驗系統,銅牌,15000,已線上簽領,2026-08-27,2026-10-23,國立潮州高級中學,https://drive.google.com/file/d/fy-award-proof-110/view,榮獲銅牌，展現輔英科技大學護理學院高齡全程照顧視導學士學位學程師生優異研發與專業實力。,,,,,,,,
111,113學年度,113-5行政會議,護理學院,高齡全程照顧視導學士學位學程,四技3年1班,簡雅雯、賴威任,11136090,劉國強 教授,特殊優良事蹟,教育部大專優秀青年選拔,全國大專優秀青年代表榮譽,全國大專優秀青年,10000,待通知,,2026-10-25,中山工商,https://drive.google.com/file/d/fy-award-proof-111/view,榮獲全國大專優秀青年，展現輔英科技大學護理學院高齡全程照顧視導學士學位學程師生優異研發與專業實力。,,,,,,,,
112,114學年度,113-5行政會議,跨學院/校隊,創新創業培訓隊,五專5年1班,游智凱,11161505,黃宗賢 教授,特殊優良事蹟,高雄市青年局志工服務楷模,高齡社區義診與健康宣導服務隊,卓越志工獎,13000,已完成撥款,2026-08-27,2026-10-30,樹德家商,https://drive.google.com/file/d/fy-award-proof-112/view,榮獲卓越志工獎，展現輔英科技大學跨學院/校隊創新創業培訓隊師生優異研發與專業實力。,,,,,,,,
113,114學年度,113-1行政會議,環境與生命學院,生物科技系,五專4年2班,蕭奉儀、林宇翔、薛紫晴,11295929,陳秀美 助理教授,國際競賽,日內瓦國際發明展,銀髮族急救安全監測穿戴裝置,特優,21000,通知已發送,2026-08-22,2026-10-19,高雄市立前鎮高級中學,https://www.fooyin.edu.tw/news/detail/1113,榮獲特優，展現輔英科技大學環境與生命學院生物科技系師生優異研發與專業實力。,,,,,,,,
114,115學年度,學校公開官方網站,護理學院,護理系,五專3年1班,唐千惠,11164127,陳秀美 助理教授,專業證照,勞動部技能檢定,美容甲級技術士專業證照,甲級證照,11000,已完成撥款,2026-08-11,2026-10-19,國立岡山高級中學,https://www.fooyin.edu.tw/news/detail/1114,榮獲甲級證照，展現輔英科技大學護理學院護理系師生優異研發與專業實力。,,,,,,,,
115,114學年度,校務會議紀錄,人文與管理學院,休閒與遊憩事業管理系,四技3年1班,鍾名翔、簡雅雯、柯建宏,11399226,黃宗賢 教授,特殊優良事蹟,輔英科技大學校友會優秀學生獎學金,學業與服務特殊優良表現,特優獎學金,11000,已完成撥款,2026-08-18,2026-10-24,高雄市立中山高級中學,https://drive.google.com/file/d/fy-award-proof-115/view,榮獲特優獎學金，展現輔英科技大學人文與管理學院休閒與遊憩事業管理系師生優異研發與專業實力。,,,,,,,,
116,114學年度,114-2行政會議,醫學與健康學院,保健營養系,碩士班1年級,柯建宏,11345842,黃宗賢 教授,國際競賽,日內瓦國際發明展,銀髮族急救安全監測穿戴裝置,特優,23000,通知已發送,2026-08-22,2026-10-26,中山工商,https://drive.google.com/file/d/fy-award-proof-116/view,榮獲特優，展現輔英科技大學醫學與健康學院保健營養系師生優異研發與專業實力。,,,,,,,,
117,114學年度,113-1行政會議,環境與生命學院,環境工程與科學系,四技3年1班,莊浩宇、薛紫晴、彭思涵,11180592,黃宗賢 教授,特殊優良事蹟,高雄市青年局志工服務楷模,高齡社區義診與健康宣導服務隊,卓越志工獎,9000,待通知,,2026-10-22,高雄市立中山高級中學,https://www.fooyin.edu.tw/news/detail/1117,榮獲卓越志工獎，展現輔英科技大學環境與生命學院環境工程與科學系師生優異研發與專業實力。,,,,,,,,
118,115學年度,113-8行政會議,醫學與健康學院,醫學檢驗生物技術系,五專4年2班,薛紫晴,11199285,王建智 教授,國際競賽,日內瓦國際發明展,銀髮族急救安全監測穿戴裝置,特優,19000,已線上簽領,2026-08-25,2026-10-30,高雄市立前鎮高級中學,https://www.fooyin.edu.tw/news/detail/1118,榮獲特優，展現輔英科技大學醫學與健康學院醫學檢驗生物技術系師生優異研發與專業實力。,,,,,,,,
119,114學年度,114-4行政會議,環境與生命學院,環境工程與科學系,五專4年2班,蘇健銘、張家豪,11164773,王建智 教授,國際競賽,美國IEEE國際生醫工程競賽,AI影像輔助診斷與檢驗系統,銅牌,13000,通知已發送,2026-08-19,2026-10-16,高雄市立高雄女子高級中學,https://www.fooyin.edu.tw/news/detail/1119,榮獲銅牌，展現輔英科技大學環境與生命學院環境工程與科學系師生優異研發與專業實力。,,,,,,,,
120,115學年度,113-3行政會議,環境與生命學院,生物科技系,碩士班1年級,方冠華、郭威廷、鍾名翔,11235272,李佳蓉 副教授,體育競賽,全國大專校院羽球錦標賽,混合雙打組,冠軍,11000,已線上簽領,2026-08-15,2026-10-15,樹德家商,https://drive.google.com/file/d/fy-award-proof-120/view,榮獲冠軍，展現輔英科技大學環境與生命學院生物科技系師生優異研發與專業實力。,,,,,,,,
121,114學年度,115-3行政會議,醫學與健康學院,物理治療系,四技4年1班,游智凱、蔡詩涵,11297720,李佳蓉 副教授,國內競賽,教育部全國大專校院創新創業競賽,循環經濟與生物基機能性產品開發,冠軍,18000,通知已發送,2026-08-17,2026-10-15,輔英科技大學附設附中,https://drive.google.com/file/d/fy-award-proof-121/view,榮獲冠軍，展現輔英科技大學醫學與健康學院物理治療系師生優異研發與專業實力。,,,,,,,,
122,114學年度,114-2行政會議,環境與生命學院,生物科技系,五專3年1班,賴威任,11340972,張哲銘 教授,國際競賽,美國IEEE國際生醫工程競賽,AI影像輔助診斷與檢驗系統,銅牌,12000,通知已發送,2026-08-26,2026-10-24,樹德家商,https://www.fooyin.edu.tw/news/detail/1122,榮獲銅牌，展現輔英科技大學環境與生命學院生物科技系師生優異研發與專業實力。,,,,,,,,
123,114學年度,114-4行政會議,跨學院/校隊,全校跨領域團隊,四技1年1班,薛紫晴、楊晨欣、鍾名翔,11389395,林雅萍 副教授,專業證照,勞動部技能檢定,美容甲級技術士專業證照,甲級證照,9000,已完成撥款,2026-08-16,2026-10-22,高雄市立前鎮高級中學,https://drive.google.com/file/d/fy-award-proof-123/view,榮獲甲級證照，展現輔英科技大學跨學院/校隊全校跨領域團隊師生優異研發與專業實力。,,,,,,,,
124,113學年度,115-1行政會議,人文與管理學院,應用外語系,五專4年2班,鄭羽婷、黃怡君、曾智捷,11380341,王建智 教授,國內競賽,臺灣大專院校醫技專題學術研討會,新型抗藥性細菌快速檢測晶片開發,佳作,10000,已線上簽領,2026-08-16,2026-10-30,國立鳳山高級中學,https://drive.google.com/file/d/fy-award-proof-124/view,榮獲佳作，展現輔英科技大學人文與管理學院應用外語系師生優異研發與專業實力。,,,,,,,,
125,114學年度,113-1行政會議,人文與管理學院,資訊管理系,進二技2年1班,黃怡君,11370604,黃宗賢 教授,國際競賽,美國IEEE國際生醫工程競賽,AI影像輔助診斷與檢驗系統,銅牌,12000,已完成撥款,2026-08-16,2026-10-17,高雄市立高雄女子高級中學,https://drive.google.com/file/d/fy-award-proof-125/view,榮獲銅牌，展現輔英科技大學人文與管理學院資訊管理系師生優異研發與專業實力。,,,,,,,,
126,115學年度,113-3行政會議,跨學院/校隊,全校跨領域團隊,五專4年2班,薛紫晴、張家豪、呂宗翰,11233590,王建智 教授,專業證照,考選部物理治療師國家考試,物理治療師考照通過,考照通過,8000,已線上簽領,2026-08-22,2026-10-27,國立鳳山高級中學,https://drive.google.com/file/d/fy-award-proof-126/view,榮獲考照通過，展現輔英科技大學跨學院/校隊全校跨領域團隊師生優異研發與專業實力。,,,,,,,,
127,115學年度,115-1行政會議,醫學與健康學院,保健營養系,四技3年1班,宋尚霖,11326691,陳秀美 助理教授,國際競賽,德國iF設計獎 / 國際發明展,智慧型室內CO₂捕集與探測系統,金牌,22000,已線上簽領,2026-08-27,2026-10-28,國立岡山高級中學,https://drive.google.com/file/d/fy-award-proof-127/view,榮獲金牌，展現輔英科技大學醫學與健康學院保健營養系師生優異研發與專業實力。,,,,,,,,
128,113學年度,113-8行政會議,人文與管理學院,應用外語系,五專5年1班,鄭羽婷,11196533,劉國強 教授,特殊優良事蹟,教育部大專優秀青年選拔,全國大專優秀青年代表榮譽,全國大專優秀青年,11000,通知已發送,2026-08-13,2026-10-16,高雄市立瑞祥高級中學,https://drive.google.com/file/d/fy-award-proof-128/view,榮獲全國大專優秀青年，展現輔英科技大學人文與管理學院應用外語系師生優異研發與專業實力。,,,,,,,,
129,115學年度,113-1行政會議,醫學與健康學院,保健營養系,五專3年1班,蘇健銘,11338477,張哲銘 教授,國內競賽,高雄市大專青年盃社會創新提案,社區高齡健康促進與營養膳食推廣,特優,10000,通知已發送,2026-08-28,2026-10-25,國立潮州高級中學,https://drive.google.com/file/d/fy-award-proof-129/view,榮獲特優，展現輔英科技大學醫學與健康學院保健營養系師生優異研發與專業實力。,,,,,,,,
130,115學年度,114-4行政會議,醫學與健康學院,醫學影像暨放射科學系,五專5年1班,蘇健銘、唐千惠、蕭奉儀,11217989,王建智 教授,專業證照,勞動部技能檢定,美容甲級技術士專業證照,甲級證照,9000,待通知,,2026-10-26,高雄市立前鎮高級中學,https://drive.google.com/file/d/fy-award-proof-130/view,榮獲甲級證照，展現輔英科技大學醫學與健康學院醫學影像暨放射科學系師生優異研發與專業實力。,,,,,,,,
131,115學年度,114-4行政會議,人文與管理學院,休閒與遊憩事業管理系,五專5年1班,謝佩珊,11372065,陳秀美 助理教授,國內競賽,臺灣大專院校醫技專題學術研討會,新型抗藥性細菌快速檢測晶片開發,佳作,6000,已完成撥款,2026-08-11,2026-10-28,國立臺南第二高級中學,https://drive.google.com/file/d/fy-award-proof-131/view,榮獲佳作，展現輔英科技大學人文與管理學院休閒與遊憩事業管理系師生優異研發與專業實力。,,,,,,,,
132,113學年度,114-6行政會議,醫學與健康學院,醫學影像暨放射科學系,四技1年1班,蔡詩涵,11258637,李佳蓉 副教授,特殊優良事蹟,教育部青年署青聚點地方創生計畫,偏鄉長者健康關懷與社會實踐服務,績優團隊,12000,通知已發送,2026-08-11,2026-10-17,高雄市立中山高級中學,https://drive.google.com/file/d/fy-award-proof-132/view,榮獲績優團隊，展現輔英科技大學醫學與健康學院醫學影像暨放射科學系師生優異研發與專業實力。,,,,,,,,
133,115學年度,學校公開官方網站,跨學院/校隊,全校跨領域團隊,碩士班1年級,簡雅雯,11212009,陳秀美 助理教授,國內競賽,全國技專校院學生實務專題製作競賽,智慧長期照護創新與臨床應用專題,第一名,15000,已完成撥款,2026-08-16,2026-10-27,高雄市立中山高級中學,https://drive.google.com/file/d/fy-award-proof-133/view,榮獲第一名，展現輔英科技大學跨學院/校隊全校跨領域團隊師生優異研發與專業實力。,,,,,,,,
134,114學年度,114-6行政會議,人文與管理學院,應用外語系,四技2年2班,方冠華,11222924,鄭淑芬 教授,體育競賽,全國大專校院羽球錦標賽,混合雙打組,冠軍,10000,通知已發送,2026-08-11,2026-10-22,樹德家商,https://www.fooyin.edu.tw/news/detail/1134,榮獲冠軍，展現輔英科技大學人文與管理學院應用外語系師生優異研發與專業實力。,,,,,,,,
135,114學年度,115-1行政會議,跨學院/校隊,創新創業培訓隊,四技4年1班,曾智捷,11240149,劉國強 教授,特殊優良事蹟,教育部青年署青聚點地方創生計畫,偏鄉長者健康關懷與社會實踐服務,績優團隊,15000,已線上簽領,2026-08-20,2026-10-23,中山工商,https://drive.google.com/file/d/fy-award-proof-135/view,榮獲績優團隊，展現輔英科技大學跨學院/校隊創新創業培訓隊師生優異研發與專業實力。,,,,,,,,
136,115學年度,校務會議紀錄,人文與管理學院,休閒與遊憩事業管理系,五專5年1班,柯建宏、劉彥宏,11181636,鄭淑芬 教授,國內競賽,高雄市大專青年盃社會創新提案,社區高齡健康促進與營養膳食推廣,特優,8000,已線上簽領,2026-08-12,2026-10-16,中山工商,https://www.fooyin.edu.tw/news/detail/1136,榮獲特優，展現輔英科技大學人文與管理學院休閒與遊憩事業管理系師生優異研發與專業實力。,,,,,,,,
137,113學年度,校務會議紀錄,醫學與健康學院,醫學檢驗生物技術系,五專5年1班,鍾名翔,11217923,鄭淑芬 教授,專業證照,考選部專門職業及技術人員國考,護理師國家考試全國榜首與特優,榜首,15000,已線上簽領,2026-08-23,2026-10-15,高雄市立高雄女子高級中學,https://drive.google.com/file/d/fy-award-proof-137/view,榮獲榜首，展現輔英科技大學醫學與健康學院醫學檢驗生物技術系師生優異研發與專業實力。,,,,,,,,
138,114學年度,115-1行政會議,環境與生命學院,環境工程與科學系,進二技2年1班,韓承翰、謝佩珊,11122624,王建智 教授,國內競賽,教育部全國大專校院創新創業競賽,循環經濟與生物基機能性產品開發,冠軍,20000,已線上簽領,2026-08-21,2026-10-23,中山工商,https://drive.google.com/file/d/fy-award-proof-138/view,榮獲冠軍，展現輔英科技大學環境與生命學院環境工程與科學系師生優異研發與專業實力。,,,,,,,,
139,114學年度,114-6行政會議,人文與管理學院,資訊管理系,四技1年1班,蔡詩涵,11395182,張哲銘 教授,國際競賽,美國IEEE國際生醫工程競賽,AI影像輔助診斷與檢驗系統,銅牌,13000,通知已發送,2026-08-25,2026-10-16,高雄市立前鎮高級中學,https://www.fooyin.edu.tw/news/detail/1139,榮獲銅牌，展現輔英科技大學人文與管理學院資訊管理系師生優異研發與專業實力。,,,,,,,,
140,113學年度,113-3行政會議,人文與管理學院,休閒與遊憩事業管理系,四技3年1班,吳冠霖,11315577,陳秀美 助理教授,國內競賽,高雄市大專青年盃社會創新提案,社區高齡健康促進與營養膳食推廣,特優,11000,通知已發送,2026-08-12,2026-10-23,國立岡山高級中學,https://drive.google.com/file/d/fy-award-proof-140/view,榮獲特優，展現輔英科技大學人文與管理學院休閒與遊憩事業管理系師生優異研發與專業實力。,,,,,,,,
141,113學年度,113-5行政會議,環境與生命學院,環境工程與科學系,四技1年1班,宋尚霖,11149226,王建智 教授,特殊優良事蹟,教育部青年署青聚點地方創生計畫,偏鄉長者健康關懷與社會實踐服務,績優團隊,17000,已完成撥款,2026-08-22,2026-10-25,國立臺南第二高級中學,https://drive.google.com/file/d/fy-award-proof-141/view,榮獲績優團隊，展現輔英科技大學環境與生命學院環境工程與科學系師生優異研發與專業實力。,,,,,,,,
142,113學年度,學校公開官方網站,護理學院,長期照顧學位學程,四技3年1班,韓承翰,11119963,林雅萍 副教授,特殊優良事蹟,國際紅十字會救護志工表揚,急救醫療服務與特殊貢獻,急救楷模,11000,通知已發送,2026-08-20,2026-10-15,高雄市立前鎮高級中學,https://www.fooyin.edu.tw/news/detail/1142,榮獲急救楷模，展現輔英科技大學護理學院長期照顧學位學程師生優異研發與專業實力。,,,,,,,,
143,114學年度,114-9行政會議,醫學與健康學院,醫學影像暨放射科學系,進二技2年1班,韓承翰、謝佩珊、羅佳蓉,11191083,黃宗賢 教授,國內競賽,全國技專校院學生實務專題製作競賽,智慧長期照護創新與臨床應用專題,第一名,12000,通知已發送,2026-08-22,2026-10-19,樹德家商,https://drive.google.com/file/d/fy-award-proof-143/view,榮獲第一名，展現輔英科技大學醫學與健康學院醫學影像暨放射科學系師生優異研發與專業實力。,,,,,,,,
144,114學年度,113-3行政會議,護理學院,護理系,四技2年2班,江佩君,11127367,李佳蓉 副教授,國內競賽,全國大專校院資訊應用創新競賽,醫療院所智慧排班與物料管理系統,亞軍,13000,已線上簽領,2026-08-26,2026-10-28,國立鳳山高級中學,https://www.fooyin.edu.tw/news/detail/1144,榮獲亞軍，展現輔英科技大學護理學院護理系師生優異研發與專業實力。,,,,,,,,
145,114學年度,115-1行政會議,護理學院,長期照顧學位學程,四技3年1班,陳雅婷、呂宗翰,11260829,李佳蓉 副教授,特殊優良事蹟,教育部青年署青聚點地方創生計畫,偏鄉長者健康關懷與社會實踐服務,績優團隊,17000,已線上簽領,2026-08-22,2026-10-20,國立屏東高級中學,https://www.fooyin.edu.tw/news/detail/1145,榮獲績優團隊，展現輔英科技大學護理學院長期照顧學位學程師生優異研發與專業實力。,,,,,,,,
146,114學年度,114-9行政會議,醫學與健康學院,醫學檢驗生物技術系,五專5年1班,唐千惠,11273469,李佳蓉 副教授,體育競賽,全國大專校院排球聯賽 (UVL),公開二級女子排球錦標賽,亞軍,11000,已線上簽領,2026-08-25,2026-10-21,高雄市立瑞祥高級中學,https://www.fooyin.edu.tw/news/detail/1146,榮獲亞軍，展現輔英科技大學醫學與健康學院醫學檢驗生物技術系師生優異研發與專業實力。,,,,,,,,
147,114學年度,113-1行政會議,人文與管理學院,應用外語系,四技4年1班,簡雅雯、董宜蓁,11266441,王建智 教授,體育競賽,全國大專校院排球聯賽 (UVL),公開二級女子排球錦標賽,亞軍,15000,已完成撥款,2026-08-16,2026-10-30,國立臺南第一高級中學,https://www.fooyin.edu.tw/news/detail/1147,榮獲亞軍，展現輔英科技大學人文與管理學院應用外語系師生優異研發與專業實力。,,,,,,,,
148,114學年度,114-4行政會議,環境與生命學院,職業安全衛生系,四技1年1班,江佩君,11257843,李佳蓉 副教授,特殊優良事蹟,教育部青年署青聚點地方創生計畫,偏鄉長者健康關懷與社會實踐服務,績優團隊,17000,已完成撥款,2026-08-15,2026-10-15,樹德家商,https://drive.google.com/file/d/fy-award-proof-148/view,榮獲績優團隊，展現輔英科技大學環境與生命學院職業安全衛生系師生優異研發與專業實力。,,,,,,,,
149,115學年度,113-8行政會議,人文與管理學院,應用外語系,五專4年2班,唐千惠、方冠華,11193012,黃宗賢 教授,國內競賽,臺灣大專院校醫技專題學術研討會,新型抗藥性細菌快速檢測晶片開發,佳作,6000,已線上簽領,2026-08-22,2026-10-17,高雄市立瑞祥高級中學,https://drive.google.com/file/d/fy-award-proof-149/view,榮獲佳作，展現輔英科技大學人文與管理學院應用外語系師生優異研發與專業實力。,,,,,,,,
150,114學年度,115-3行政會議,人文與管理學院,休閒與遊憩事業管理系,進二技2年1班,賴威任,11380373,李佳蓉 副教授,國際競賽,首爾國際發明展,高齡化智慧護理輔助照護裝置,銀牌,17000,通知已發送,2026-08-11,2026-10-27,中山工商,https://drive.google.com/file/d/fy-award-proof-150/view,榮獲銀牌，展現輔英科技大學人文與管理學院休閒與遊憩事業管理系師生優異研發與專業實力。,,,,,,,,
151,114學年度,113-3行政會議,護理學院,護理系,四技2年2班,蘇健銘,11259036,劉國強 教授,專業證照,勞動部技能檢定,美容甲級技術士專業證照,甲級證照,11000,通知已發送,2026-08-10,2026-10-30,國立鳳山高級中學,https://www.fooyin.edu.tw/news/detail/1151,榮獲甲級證照，展現輔英科技大學護理學院護理系師生優異研發與專業實力。,,,,,,,,
152,113學年度,113-3行政會議,醫學與健康學院,醫學影像暨放射科學系,四技2年2班,彭思涵,11373298,林雅萍 副教授,專業證照,考選部專門職業及技術人員國考,護理師國家考試全國榜首與特優,榜首,18000,已線上簽領,2026-08-24,2026-10-25,國立鳳山高級中學,https://drive.google.com/file/d/fy-award-proof-152/view,榮獲榜首，展現輔英科技大學醫學與健康學院醫學影像暨放射科學系師生優異研發與專業實力。,,,,,,,,
153,115學年度,113-3行政會議,護理學院,高齡全程照顧視導學士學位學程,五專4年2班,劉彥宏、葉馨文,11332865,王建智 教授,體育競賽,大專校院跆拳道錦標賽,男子品勢個人組,銅牌,8000,已完成撥款,2026-08-17,2026-10-27,高雄市立前鎮高級中學,https://www.fooyin.edu.tw/news/detail/1153,榮獲銅牌，展現輔英科技大學護理學院高齡全程照顧視導學士學位學程師生優異研發與專業實力。,,,,,,,,
154,115學年度,校務會議紀錄,人文與管理學院,休閒與遊憩事業管理系,五專3年1班,曾智捷、董宜蓁,11366302,劉國強 教授,國際競賽,首爾國際發明展,高齡化智慧護理輔助照護裝置,銀牌,16000,通知已發送,2026-08-12,2026-10-18,中山工商,https://drive.google.com/file/d/fy-award-proof-154/view,榮獲銀牌，展現輔英科技大學人文與管理學院休閒與遊憩事業管理系師生優異研發與專業實力。,,,,,,,,
155,113學年度,114-4行政會議,環境與生命學院,應用化學及材料科學系,碩士班1年級,方冠華,11393769,林雅萍 副教授,特殊優良事蹟,輔英科技大學校友會優秀學生獎學金,學業與服務特殊優良表現,特優獎學金,15000,通知已發送,2026-08-13,2026-10-26,國立臺南第一高級中學,https://drive.google.com/file/d/fy-award-proof-155/view,榮獲特優獎學金，展現輔英科技大學環境與生命學院應用化學及材料科學系師生優異研發與專業實力。,,,,,,,,
156,115學年度,113-5行政會議,環境與生命學院,環境工程與科學系,五專5年1班,葉馨文,11225328,王建智 教授,體育競賽,全國大專校院羽球錦標賽,混合雙打組,冠軍,13000,通知已發送,2026-08-14,2026-10-27,國立臺南第二高級中學,https://www.fooyin.edu.tw/news/detail/1156,榮獲冠軍，展現輔英科技大學環境與生命學院環境工程與科學系師生優異研發與專業實力。,,,,,,,,
157,115學年度,115-1行政會議,醫學與健康學院,健康美容系,五專5年1班,郭威廷,11151232,鄭淑芬 教授,特殊優良事蹟,教育部大專優秀青年選拔,全國大專優秀青年代表榮譽,全國大專優秀青年,12000,已完成撥款,2026-08-25,2026-10-19,高雄市立中山高級中學,https://drive.google.com/file/d/fy-award-proof-157/view,榮獲全國大專優秀青年，展現輔英科技大學醫學與健康學院健康美容系師生優異研發與專業實力。,,,,,,,,
158,115學年度,115-1行政會議,人文與管理學院,休閒與遊憩事業管理系,碩士班1年級,董宜蓁,11231922,李佳蓉 副教授,特殊優良事蹟,教育部大專優秀青年選拔,全國大專優秀青年代表榮譽,全國大專優秀青年,11000,通知已發送,2026-08-18,2026-10-22,國立岡山高級中學,https://www.fooyin.edu.tw/news/detail/1158,榮獲全國大專優秀青年，展現輔英科技大學人文與管理學院休閒與遊憩事業管理系師生優異研發與專業實力。,,,,,,,,
159,114學年度,115-3行政會議,人文與管理學院,幼兒保育系,五專4年2班,賴威任,11315453,鄭淑芬 教授,特殊優良事蹟,教育部青年署青聚點地方創生計畫,偏鄉長者健康關懷與社會實踐服務,績優團隊,15000,待通知,,2026-10-22,輔英科技大學附設附中,https://drive.google.com/file/d/fy-award-proof-159/view,榮獲績優團隊，展現輔英科技大學人文與管理學院幼兒保育系師生優異研發與專業實力。,,,,,,,,
160,113學年度,114-9行政會議,環境與生命學院,生物科技系,五專4年2班,鄭羽婷,11137509,林雅萍 副教授,特殊優良事蹟,輔英科技大學校友會優秀學生獎學金,學業與服務特殊優良表現,特優獎學金,11000,已線上簽領,2026-08-16,2026-10-21,中山工商,https://www.fooyin.edu.tw/news/detail/1160,榮獲特優獎學金，展現輔英科技大學環境與生命學院生物科技系師生優異研發與專業實力。,,,,,,,,
161,114學年度,115-1行政會議,環境與生命學院,應用化學及材料科學系,四技3年1班,呂宗翰、江佩君、吳冠霖,11163948,張哲銘 教授,體育競賽,全國大專校院羽球錦標賽,混合雙打組,冠軍,9000,通知已發送,2026-08-20,2026-10-22,中山工商,https://drive.google.com/file/d/fy-award-proof-161/view,榮獲冠軍，展現輔英科技大學環境與生命學院應用化學及材料科學系師生優異研發與專業實力。,,,,,,,,
162,114學年度,114-9行政會議,醫學與健康學院,健康美容系,四技2年2班,羅佳蓉、董宜蓁,11193050,李佳蓉 副教授,專業證照,勞動部技能檢定,美容甲級技術士專業證照,甲級證照,8000,已線上簽領,2026-08-21,2026-10-29,高雄市立瑞祥高級中學,https://drive.google.com/file/d/fy-award-proof-162/view,榮獲甲級證照，展現輔英科技大學醫學與健康學院健康美容系師生優異研發與專業實力。,,,,,,,,
163,113學年度,學校公開官方網站,護理學院,長期照顧學位學程,碩士班1年級,柯建宏、許哲瑋,11362129,陳秀美 助理教授,專業證照,考選部醫事檢驗師國家考試,醫事檢驗師國家證照通過,考照通過,8000,通知已發送,2026-08-19,2026-10-25,國立岡山高級中學,https://drive.google.com/file/d/fy-award-proof-163/view,榮獲考照通過，展現輔英科技大學護理學院長期照顧學位學程師生優異研發與專業實力。,,,,,,,,
164,115學年度,114-9行政會議,環境與生命學院,環境工程與科學系,五專3年1班,鍾名翔,11126284,王建智 教授,專業證照,行政院環保署廢水處理專責人員,甲級廢水處理專責人員合格證書,甲級證照,6000,已完成撥款,2026-08-23,2026-10-21,樹德家商,https://drive.google.com/file/d/fy-award-proof-164/view,榮獲甲級證照，展現輔英科技大學環境與生命學院環境工程與科學系師生優異研發與專業實力。,,,,,,,,
165,115學年度,114-2行政會議,醫學與健康學院,醫學影像暨放射科學系,五專4年2班,莊浩宇、蔡詩涵,11297098,王建智 教授,國際競賽,美國IEEE國際生醫工程競賽,AI影像輔助診斷與檢驗系統,銅牌,12000,已線上簽領,2026-08-17,2026-10-28,高雄市立前鎮高級中學,https://www.fooyin.edu.tw/news/detail/1165,榮獲銅牌，展現輔英科技大學醫學與健康學院醫學影像暨放射科學系師生優異研發與專業實力。,,,,,,,,
166,113學年度,113-1行政會議,醫學與健康學院,營養與健康美容系,五專4年2班,蘇健銘,11399126,鄭淑芬 教授,國際競賽,德國iF設計獎 / 國際發明展,智慧型室內CO₂捕集與探測系統,金牌,22000,已完成撥款,2026-08-23,2026-10-19,高雄市立瑞祥高級中學,https://www.fooyin.edu.tw/news/detail/1166,榮獲金牌，展現輔英科技大學醫學與健康學院營養與健康美容系師生優異研發與專業實力。,,,,,,,,
167,114學年度,113-3行政會議,護理學院,護理系,四技3年1班,蕭奉儀,11160164,王建智 教授,國內競賽,全國技專校院學生實務專題製作競賽,智慧長期照護創新與臨床應用專題,第一名,17000,已線上簽領,2026-08-15,2026-10-29,國立臺南第一高級中學,https://drive.google.com/file/d/fy-award-proof-167/view,榮獲第一名，展現輔英科技大學護理學院護理系師生優異研發與專業實力。,,,,,,,,
168,115學年度,學校公開官方網站,醫學與健康學院,營養與健康美容系,碩士班1年級,蔡詩涵、吳冠霖,11126142,劉國強 教授,體育競賽,全國大專游泳錦標賽,女子 200 公尺混合式,第一名,10000,已完成撥款,2026-08-17,2026-10-23,高雄市立前鎮高級中學,https://www.fooyin.edu.tw/news/detail/1168,榮獲第一名，展現輔英科技大學醫學與健康學院營養與健康美容系師生優異研發與專業實力。,,,,,,,,
169,115學年度,115-3行政會議,跨學院/校隊,創新創業培訓隊,四技2年2班,林宇翔、蕭奉儀,11177862,陳秀美 助理教授,專業證照,考選部物理治療師國家考試,物理治療師考照通過,考照通過,5000,已完成撥款,2026-08-17,2026-10-30,國立臺南第二高級中學,https://www.fooyin.edu.tw/news/detail/1169,榮獲考照通過，展現輔英科技大學跨學院/校隊創新創業培訓隊師生優異研發與專業實力。,,,,,,,,
170,114學年度,校務會議紀錄,跨學院/校隊,全校跨領域團隊,進二技2年1班,陳雅婷、賴威任,11227299,劉國強 教授,特殊優良事蹟,輔英科技大學校友會優秀學生獎學金,學業與服務特殊優良表現,特優獎學金,12000,已線上簽領,2026-08-15,2026-10-30,中山工商,https://www.fooyin.edu.tw/news/detail/1170,榮獲特優獎學金，展現輔英科技大學跨學院/校隊全校跨領域團隊師生優異研發與專業實力。,,,,,,,,
171,115學年度,113-3行政會議,護理學院,高齡全程照顧視導學士學位學程,四技1年1班,黃怡君,11276402,黃宗賢 教授,特殊優良事蹟,輔英科技大學校友會優秀學生獎學金,學業與服務特殊優良表現,特優獎學金,13000,已線上簽領,2026-08-12,2026-10-19,輔英科技大學附設附中,https://www.fooyin.edu.tw/news/detail/1171,榮獲特優獎學金，展現輔英科技大學護理學院高齡全程照顧視導學士學位學程師生優異研發與專業實力。,,,,,,,,
172,113學年度,115-1行政會議,醫學與健康學院,物理治療系,進二技2年1班,許哲瑋,11267342,陳秀美 助理教授,國際競賽,首爾國際發明展,高齡化智慧護理輔助照護裝置,銀牌,15000,已完成撥款,2026-08-13,2026-10-29,國立潮州高級中學,https://drive.google.com/file/d/fy-award-proof-172/view,榮獲銀牌，展現輔英科技大學醫學與健康學院物理治療系師生優異研發與專業實力。,,,,,,,,
173,114學年度,校務會議紀錄,醫學與健康學院,醫學檢驗生物技術系,五專3年1班,陳雅婷、劉彥宏,11255443,黃宗賢 教授,國內競賽,臺灣大專院校醫技專題學術研討會,新型抗藥性細菌快速檢測晶片開發,佳作,6000,已線上簽領,2026-08-18,2026-10-18,中山工商,https://drive.google.com/file/d/fy-award-proof-173/view,榮獲佳作，展現輔英科技大學醫學與健康學院醫學檢驗生物技術系師生優異研發與專業實力。,,,,,,,,
174,114學年度,114-6行政會議,環境與生命學院,環境工程與科學系,四技2年2班,許哲瑋、方冠華,11276949,林雅萍 副教授,國際競賽,美國IEEE國際生醫工程競賽,AI影像輔助診斷與檢驗系統,銅牌,15000,通知已發送,2026-08-15,2026-10-23,中山工商,https://www.fooyin.edu.tw/news/detail/1174,榮獲銅牌，展現輔英科技大學環境與生命學院環境工程與科學系師生優異研發與專業實力。,,,,,,,,
175,115學年度,校務會議紀錄,護理學院,護理系,進二技2年1班,陳雅婷,11116026,鄭淑芬 教授,體育競賽,全國大專游泳錦標賽,女子 200 公尺混合式,第一名,9000,通知已發送,2026-08-11,2026-10-28,高雄市立中山高級中學,https://drive.google.com/file/d/fy-award-proof-175/view,榮獲第一名，展現輔英科技大學護理學院護理系師生優異研發與專業實力。,,,,,,,,
176,114學年度,學校公開官方網站,環境與生命學院,生物科技系,五專4年2班,鄭羽婷,11398254,張哲銘 教授,國內競賽,教育部全國大專校院創新創業競賽,循環經濟與生物基機能性產品開發,冠軍,20000,已完成撥款,2026-08-22,2026-10-17,高雄市立瑞祥高級中學,https://drive.google.com/file/d/fy-award-proof-176/view,榮獲冠軍，展現輔英科技大學環境與生命學院生物科技系師生優異研發與專業實力。,,,,,,,,
177,114學年度,114-4行政會議,護理學院,長期照顧學位學程,碩士班1年級,曾智捷,11283899,黃宗賢 教授,特殊優良事蹟,教育部青年署青聚點地方創生計畫,偏鄉長者健康關懷與社會實踐服務,績優團隊,15000,通知已發送,2026-08-25,2026-10-21,樹德家商,https://drive.google.com/file/d/fy-award-proof-177/view,榮獲績優團隊，展現輔英科技大學護理學院長期照顧學位學程師生優異研發與專業實力。,,,,,,,,
178,113學年度,113-5行政會議,護理學院,高齡全程照顧視導學士學位學程,五專3年1班,柯建宏,11311257,林雅萍 副教授,國際競賽,美國IEEE國際生醫工程競賽,AI影像輔助診斷與檢驗系統,銅牌,12000,待通知,,2026-10-22,國立臺南第二高級中學,https://drive.google.com/file/d/fy-award-proof-178/view,榮獲銅牌，展現輔英科技大學護理學院高齡全程照顧視導學士學位學程師生優異研發與專業實力。,,,,,,,,
179,113學年度,113-5行政會議,環境與生命學院,環境工程與科學系,五專3年1班,唐千惠、賴威任、鍾名翔,11321128,李佳蓉 副教授,特殊優良事蹟,教育部青年署青聚點地方創生計畫,偏鄉長者健康關懷與社會實踐服務,績優團隊,15000,待通知,,2026-10-16,國立臺南第二高級中學,https://drive.google.com/file/d/fy-award-proof-179/view,榮獲績優團隊，展現輔英科技大學環境與生命學院環境工程與科學系師生優異研發與專業實力。,,,,,,,,
180,113學年度,113-8行政會議,環境與生命學院,生物科技系,四技3年1班,宋尚霖、游智凱、董宜蓁,11240619,李佳蓉 副教授,國內競賽,教育部全國大專校院創新創業競賽,循環經濟與生物基機能性產品開發,冠軍,20000,待通知,,2026-10-18,國立屏東高級中學,https://drive.google.com/file/d/fy-award-proof-180/view,榮獲冠軍，展現輔英科技大學環境與生命學院生物科技系師生優異研發與專業實力。,,,,,,,,
181,114學年度,114-6行政會議,護理學院,長期照顧學位學程,四技3年1班,彭思涵、董宜蓁、蕭奉儀,11244735,李佳蓉 副教授,國際競賽,首爾國際發明展,高齡化智慧護理輔助照護裝置,銀牌,17000,已完成撥款,2026-08-11,2026-10-21,國立臺南第一高級中學,https://www.fooyin.edu.tw/news/detail/1181,榮獲銀牌，展現輔英科技大學護理學院長期照顧學位學程師生優異研發與專業實力。,,,,,,,,
182,115學年度,113-8行政會議,環境與生命學院,職業安全衛生系,進二技2年1班,蕭奉儀,11232789,張哲銘 教授,專業證照,行政院環保署廢水處理專責人員,甲級廢水處理專責人員合格證書,甲級證照,11000,已線上簽領,2026-08-17,2026-10-18,高雄市立瑞祥高級中學,https://www.fooyin.edu.tw/news/detail/1182,榮獲甲級證照，展現輔英科技大學環境與生命學院職業安全衛生系師生優異研發與專業實力。,,,,,,,,
183,113學年度,113-3行政會議,護理學院,護理系,四技1年1班,宋尚霖,11299952,李佳蓉 副教授,特殊優良事蹟,國際紅十字會救護志工表揚,急救醫療服務與特殊貢獻,急救楷模,8000,已完成撥款,2026-08-12,2026-10-15,國立鳳山高級中學,https://www.fooyin.edu.tw/news/detail/1183,榮獲急救楷模，展現輔英科技大學護理學院護理系師生優異研發與專業實力。,,,,,,,,
184,115學年度,114-9行政會議,醫學與健康學院,醫學檢驗生物技術系,四技3年1班,鍾名翔,11132018,劉國強 教授,專業證照,行政院環保署廢水處理專責人員,甲級廢水處理專責人員合格證書,甲級證照,6000,通知已發送,2026-08-23,2026-10-20,國立臺南第一高級中學,https://www.fooyin.edu.tw/news/detail/1184,榮獲甲級證照，展現輔英科技大學醫學與健康學院醫學檢驗生物技術系師生優異研發與專業實力。,,,,,,,,
185,113學年度,114-2行政會議,環境與生命學院,職業安全衛生系,五專5年1班,葉馨文,11348680,鄭淑芬 教授,專業證照,勞動部技能檢定,美容甲級技術士專業證照,甲級證照,9000,待通知,,2026-10-23,國立臺南第二高級中學,https://www.fooyin.edu.tw/news/detail/1185,榮獲甲級證照，展現輔英科技大學環境與生命學院職業安全衛生系師生優異研發與專業實力。,,,,,,,,
186,113學年度,校務會議紀錄,跨學院/校隊,全校跨領域團隊,進二技2年1班,羅佳蓉、柯建宏,11281371,鄭淑芬 教授,體育競賽,大專校院跆拳道錦標賽,男子品勢個人組,銅牌,10000,通知已發送,2026-08-18,2026-10-20,高雄市立高雄女子高級中學,https://drive.google.com/file/d/fy-award-proof-186/view,榮獲銅牌，展現輔英科技大學跨學院/校隊全校跨領域團隊師生優異研發與專業實力。,,,,,,,,
187,113學年度,113-1行政會議,環境與生命學院,環境工程與科學系,碩士班1年級,蘇健銘,11123124,陳秀美 助理教授,國內競賽,臺灣大專院校醫技專題學術研討會,新型抗藥性細菌快速檢測晶片開發,佳作,10000,已完成撥款,2026-08-11,2026-10-22,國立潮州高級中學,https://drive.google.com/file/d/fy-award-proof-187/view,榮獲佳作，展現輔英科技大學環境與生命學院環境工程與科學系師生優異研發與專業實力。,,,,,,,,
188,114學年度,114-4行政會議,醫學與健康學院,物理治療系,四技1年1班,柯建宏,11313697,林雅萍 副教授,特殊優良事蹟,國際紅十字會救護志工表揚,急救醫療服務與特殊貢獻,急救楷模,7000,已線上簽領,2026-08-16,2026-10-30,國立岡山高級中學,https://drive.google.com/file/d/fy-award-proof-188/view,榮獲急救楷模，展現輔英科技大學醫學與健康學院物理治療系師生優異研發與專業實力。,,,,,,,,
189,114學年度,113-1行政會議,護理學院,護理系,四技1年1班,林宇翔、薛紫晴,11153481,陳秀美 助理教授,國內競賽,臺灣大專院校醫技專題學術研討會,新型抗藥性細菌快速檢測晶片開發,佳作,6000,已完成撥款,2026-08-20,2026-10-16,高雄市立高雄女子高級中學,https://www.fooyin.edu.tw/news/detail/1189,榮獲佳作，展現輔英科技大學護理學院護理系師生優異研發與專業實力。,,,,,,,,
190,115學年度,113-5行政會議,護理學院,長期照顧學位學程,四技3年1班,賴威任、宋尚霖、吳冠霖,11249552,林雅萍 副教授,國內競賽,教育部全國大專校院創新創業競賽,循環經濟與生物基機能性產品開發,冠軍,18000,已完成撥款,2026-08-25,2026-10-25,國立屏東高級中學,https://drive.google.com/file/d/fy-award-proof-190/view,榮獲冠軍，展現輔英科技大學護理學院長期照顧學位學程師生優異研發與專業實力。,,,,,,,,
191,115學年度,學校公開官方網站,跨學院/校隊,輔英運動代表隊,四技1年1班,謝佩珊、羅佳蓉,11248602,王建智 教授,國內競賽,全國技專校院學生實務專題製作競賽,智慧長期照護創新與臨床應用專題,第一名,17000,通知已發送,2026-08-28,2026-10-16,國立屏東高級中學,https://drive.google.com/file/d/fy-award-proof-191/view,榮獲第一名，展現輔英科技大學跨學院/校隊輔英運動代表隊師生優異研發與專業實力。,,,,,,,,
192,115學年度,113-8行政會議,跨學院/校隊,全校跨領域團隊,碩士班1年級,許哲瑋,11155457,林雅萍 副教授,國內競賽,全國技專校院學生實務專題製作競賽,智慧長期照護創新與臨床應用專題,第一名,14000,已線上簽領,2026-08-18,2026-10-21,高雄市立中山高級中學,https://drive.google.com/file/d/fy-award-proof-192/view,榮獲第一名，展現輔英科技大學跨學院/校隊全校跨領域團隊師生優異研發與專業實力。,,,,,,,,
193,114學年度,114-2行政會議,護理學院,長期照顧學位學程,五專3年1班,董宜蓁,11365004,王建智 教授,專業證照,行政院環保署廢水處理專責人員,甲級廢水處理專責人員合格證書,甲級證照,9000,通知已發送,2026-08-22,2026-10-18,高雄市立瑞祥高級中學,https://drive.google.com/file/d/fy-award-proof-193/view,榮獲甲級證照，展現輔英科技大學護理學院長期照顧學位學程師生優異研發與專業實力。,,,,,,,,
194,115學年度,校務會議紀錄,醫學與健康學院,物理治療系,碩士班1年級,張家豪,11212631,林雅萍 副教授,體育競賽,全國大專院校運動會 (全大運),公開女子組田徑 400 公尺接力,金牌,10000,通知已發送,2026-08-22,2026-10-20,樹德家商,https://www.fooyin.edu.tw/news/detail/1194,榮獲金牌，展現輔英科技大學醫學與健康學院物理治療系師生優異研發與專業實力。,,,,,,,,
195,113學年度,114-4行政會議,跨學院/校隊,創新創業培訓隊,碩士班1年級,韓承翰、劉彥宏,11366911,王建智 教授,國際競賽,德國iF設計獎 / 國際發明展,智慧型室內CO₂捕集與探測系統,金牌,22000,通知已發送,2026-08-16,2026-10-28,樹德家商,https://drive.google.com/file/d/fy-award-proof-195/view,榮獲金牌，展現輔英科技大學跨學院/校隊創新創業培訓隊師生優異研發與專業實力。,,,,,,,,
196,115學年度,115-1行政會議,環境與生命學院,生物科技系,四技2年2班,黃怡君,11284943,鄭淑芬 教授,國內競賽,全國技專校院學生實務專題製作競賽,智慧長期照護創新與臨床應用專題,第一名,14000,待通知,,2026-10-17,輔英科技大學附設附中,https://drive.google.com/file/d/fy-award-proof-196/view,榮獲第一名，展現輔英科技大學環境與生命學院生物科技系師生優異研發與專業實力。,,,,,,,,
197,115學年度,115-3行政會議,人文與管理學院,資訊管理系,五專4年2班,劉彥宏,11348248,李佳蓉 副教授,專業證照,考選部專門職業及技術人員國考,護理師國家考試全國榜首與特優,榜首,17000,已完成撥款,2026-08-25,2026-10-30,高雄市立前鎮高級中學,https://www.fooyin.edu.tw/news/detail/1197,榮獲榜首，展現輔英科技大學人文與管理學院資訊管理系師生優異研發與專業實力。,,,,,,,,
198,115學年度,115-1行政會議,人文與管理學院,資訊管理系,四技3年1班,賴威任、謝佩珊,11215848,黃宗賢 教授,專業證照,行政院環保署廢水處理專責人員,甲級廢水處理專責人員合格證書,甲級證照,8000,通知已發送,2026-08-18,2026-10-16,國立屏東高級中學,https://drive.google.com/file/d/fy-award-proof-198/view,榮獲甲級證照，展現輔英科技大學人文與管理學院資訊管理系師生優異研發與專業實力。,,,,,,,,
199,115學年度,113-3行政會議,護理學院,長期照顧學位學程,四技3年1班,唐千惠、蘇健銘,11317993,劉國強 教授,特殊優良事蹟,輔英科技大學校友會優秀學生獎學金,學業與服務特殊優良表現,特優獎學金,15000,已線上簽領,2026-08-25,2026-10-22,高雄市立瑞祥高級中學,https://www.fooyin.edu.tw/news/detail/1199,榮獲特優獎學金，展現輔英科技大學護理學院長期照顧學位學程師生優異研發與專業實力。,,,,,,,,
200,114學年度,學校公開官方網站,護理學院,長期照顧學位學程,進二技2年1班,楊晨欣、鄭羽婷,11232659,王建智 教授,國內競賽,教育部全國大專校院創新創業競賽,循環經濟與生物基機能性產品開發,冠軍,16000,待通知,,2026-10-17,高雄市立前鎮高級中學,https://drive.google.com/file/d/fy-award-proof-200/view,榮獲冠軍，展現輔英科技大學護理學院長期照顧學位學程師生優異研發與專業實力。,,,,,,,,
201,115學年度,113-5行政會議,跨學院/校隊,輔英運動代表隊,四技3年1班,許哲瑋、蔡詩涵、羅佳蓉,11362082,林雅萍 副教授,體育競賽,大專校院跆拳道錦標賽,男子品勢個人組,銅牌,8000,已完成撥款,2026-08-10,2026-10-28,國立鳳山高級中學,https://drive.google.com/file/d/fy-award-proof-201/view,榮獲銅牌，展現輔英科技大學跨學院/校隊輔英運動代表隊師生優異研發與專業實力。,,,,,,,,
202,113學年度,115-3行政會議,跨學院/校隊,創新創業培訓隊,五專4年2班,吳冠霖、呂宗翰、柯建宏,11244620,劉國強 教授,專業證照,勞動部技能檢定,美容甲級技術士專業證照,甲級證照,11000,已線上簽領,2026-08-15,2026-10-23,國立臺南第二高級中學,https://www.fooyin.edu.tw/news/detail/1202,榮獲甲級證照，展現輔英科技大學跨學院/校隊創新創業培訓隊師生優異研發與專業實力。,,,,,,,,
203,115學年度,校務會議紀錄,人文與管理學院,幼兒保育系,四技4年1班,簡雅雯、葉馨文,11172287,黃宗賢 教授,體育競賽,全國大專院校運動會 (全大運),公開女子組田徑 400 公尺接力,金牌,12000,已完成撥款,2026-08-19,2026-10-24,輔英科技大學附設附中,https://drive.google.com/file/d/fy-award-proof-203/view,榮獲金牌，展現輔英科技大學人文與管理學院幼兒保育系師生優異研發與專業實力。,,,,,,,,
204,115學年度,校務會議紀錄,護理學院,護理系,五專5年1班,董宜蓁,11245313,劉國強 教授,特殊優良事蹟,教育部大專優秀青年選拔,全國大專優秀青年代表榮譽,全國大專優秀青年,11000,已線上簽領,2026-08-23,2026-10-30,中山工商,https://drive.google.com/file/d/fy-award-proof-204/view,榮獲全國大專優秀青年，展現輔英科技大學護理學院護理系師生優異研發與專業實力。,,,,,,,,
205,114學年度,113-1行政會議,跨學院/校隊,全校跨領域團隊,五專4年2班,宋尚霖,11178719,張哲銘 教授,國內競賽,教育部全國大專校院創新創業競賽,循環經濟與生物基機能性產品開發,冠軍,16000,已完成撥款,2026-08-17,2026-10-16,高雄市立瑞祥高級中學,https://www.fooyin.edu.tw/news/detail/1205,榮獲冠軍，展現輔英科技大學跨學院/校隊全校跨領域團隊師生優異研發與專業實力。,,,,,,,,
206,114學年度,學校公開官方網站,醫學與健康學院,醫學影像暨放射科學系,四技3年1班,宋尚霖、鄭羽婷,11314005,陳秀美 助理教授,體育競賽,全國大專游泳錦標賽,女子 200 公尺混合式,第一名,13000,已線上簽領,2026-08-25,2026-10-26,國立臺南第一高級中學,https://www.fooyin.edu.tw/news/detail/1206,榮獲第一名，展現輔英科技大學醫學與健康學院醫學影像暨放射科學系師生優異研發與專業實力。,,,,,,,,
207,114學年度,學校公開官方網站,護理學院,高齡全程照顧視導學士學位學程,五專3年1班,劉彥宏,11338091,陳秀美 助理教授,國內競賽,教育部全國大專校院創新創業競賽,循環經濟與生物基機能性產品開發,冠軍,17000,已線上簽領,2026-08-26,2026-10-15,中山工商,https://drive.google.com/file/d/fy-award-proof-207/view,榮獲冠軍，展現輔英科技大學護理學院高齡全程照顧視導學士學位學程師生優異研發與專業實力。,,,,,,,,
208,115學年度,113-1行政會議,人文與管理學院,資訊管理系,五專5年1班,陳雅婷、蘇健銘,11289736,黃宗賢 教授,體育競賽,全國大專游泳錦標賽,女子 200 公尺混合式,第一名,11000,已完成撥款,2026-08-24,2026-10-23,高雄市立中山高級中學,https://drive.google.com/file/d/fy-award-proof-208/view,榮獲第一名，展現輔英科技大學人文與管理學院資訊管理系師生優異研發與專業實力。,,,,,,,,
209,115學年度,115-1行政會議,跨學院/校隊,輔英運動代表隊,五專4年2班,賴威任,11394848,黃宗賢 教授,體育競賽,全國大專院校運動會 (全大運),公開女子組田徑 400 公尺接力,金牌,13000,待通知,,2026-10-23,高雄市立前鎮高級中學,https://drive.google.com/file/d/fy-award-proof-209/view,榮獲金牌，展現輔英科技大學跨學院/校隊輔英運動代表隊師生優異研發與專業實力。,,,,,,,,
210,114學年度,114-2行政會議,環境與生命學院,應用化學及材料科學系,五專5年1班,葉馨文,11188647,劉國強 教授,體育競賽,全國大專校院羽球錦標賽,混合雙打組,冠軍,8000,已線上簽領,2026-08-19,2026-10-23,國立臺南第二高級中學,https://drive.google.com/file/d/fy-award-proof-210/view,榮獲冠軍，展現輔英科技大學環境與生命學院應用化學及材料科學系師生優異研發與專業實力。,,,,,,,,
211,115學年度,113-1行政會議,跨學院/校隊,創新創業培訓隊,四技1年1班,蘇健銘,11380075,鄭淑芬 教授,體育競賽,大專校院跆拳道錦標賽,男子品勢個人組,銅牌,7000,已完成撥款,2026-08-27,2026-10-20,輔英科技大學附設附中,https://www.fooyin.edu.tw/news/detail/1211,榮獲銅牌，展現輔英科技大學跨學院/校隊創新創業培訓隊師生優異研發與專業實力。,,,,,,,,
212,113學年度,學校公開官方網站,環境與生命學院,應用化學及材料科學系,四技3年1班,蘇健銘、柯建宏,11150250,劉國強 教授,體育競賽,全國大專校院排球聯賽 (UVL),公開二級女子排球錦標賽,亞軍,12000,已線上簽領,2026-08-24,2026-10-18,高雄市立瑞祥高級中學,https://www.fooyin.edu.tw/news/detail/1212,榮獲亞軍，展現輔英科技大學環境與生命學院應用化學及材料科學系師生優異研發與專業實力。,,,,,,,,
213,115學年度,115-3行政會議,跨學院/校隊,創新創業培訓隊,五專4年2班,曾智捷,11325704,劉國強 教授,特殊優良事蹟,高雄市青年局志工服務楷模,高齡社區義診與健康宣導服務隊,卓越志工獎,11000,待通知,,2026-10-19,國立屏東高級中學,https://drive.google.com/file/d/fy-award-proof-213/view,榮獲卓越志工獎，展現輔英科技大學跨學院/校隊創新創業培訓隊師生優異研發與專業實力。,,,,,,,,
214,114學年度,114-6行政會議,跨學院/校隊,輔英運動代表隊,五專5年1班,謝佩珊,11173908,林雅萍 副教授,國內競賽,臺灣大專院校醫技專題學術研討會,新型抗藥性細菌快速檢測晶片開發,佳作,5000,待通知,,2026-10-23,高雄市立中山高級中學,https://drive.google.com/file/d/fy-award-proof-214/view,榮獲佳作，展現輔英科技大學跨學院/校隊輔英運動代表隊師生優異研發與專業實力。,,,,,,,,
215,113學年度,115-3行政會議,醫學與健康學院,營養與健康美容系,五專4年2班,韓承翰,11366283,劉國強 教授,專業證照,行政院環保署廢水處理專責人員,甲級廢水處理專責人員合格證書,甲級證照,9000,待通知,,2026-10-21,樹德家商,https://drive.google.com/file/d/fy-award-proof-215/view,榮獲甲級證照，展現輔英科技大學醫學與健康學院營養與健康美容系師生優異研發與專業實力。,,,,,,,,
216,113學年度,114-4行政會議,跨學院/校隊,全校跨領域團隊,五專3年1班,葉馨文、蘇健銘,11355134,黃宗賢 教授,國內競賽,全國技專校院學生實務專題製作競賽,智慧長期照護創新與臨床應用專題,第一名,15000,已線上簽領,2026-08-19,2026-10-20,國立鳳山高級中學,https://drive.google.com/file/d/fy-award-proof-216/view,榮獲第一名，展現輔英科技大學跨學院/校隊全校跨領域團隊師生優異研發與專業實力。,,,,,,,,
217,114學年度,114-2行政會議,人文與管理學院,應用外語系,四技4年1班,郭威廷、簡雅雯,11257087,陳秀美 助理教授,國內競賽,全國大專校院資訊應用創新競賽,醫療院所智慧排班與物料管理系統,亞軍,10000,通知已發送,2026-08-14,2026-10-21,樹德家商,https://www.fooyin.edu.tw/news/detail/1217,榮獲亞軍，展現輔英科技大學人文與管理學院應用外語系師生優異研發與專業實力。,,,,,,,,
218,115學年度,113-5行政會議,護理學院,高齡全程照顧視導學士學位學程,五專3年1班,莊浩宇,11391675,張哲銘 教授,特殊優良事蹟,教育部大專優秀青年選拔,全國大專優秀青年代表榮譽,全國大專優秀青年,10000,已線上簽領,2026-08-10,2026-10-16,樹德家商,https://www.fooyin.edu.tw/news/detail/1218,榮獲全國大專優秀青年，展現輔英科技大學護理學院高齡全程照顧視導學士學位學程師生優異研發與專業實力。,,,,,,,,
219,114學年度,114-6行政會議,護理學院,長期照顧學位學程,四技2年2班,楊晨欣,11199881,張哲銘 教授,體育競賽,全國大專游泳錦標賽,女子 200 公尺混合式,第一名,8000,已線上簽領,2026-08-18,2026-10-19,國立臺南第二高級中學,https://drive.google.com/file/d/fy-award-proof-219/view,榮獲第一名，展現輔英科技大學護理學院長期照顧學位學程師生優異研發與專業實力。,,,,,,,,
220,113學年度,115-1行政會議,跨學院/校隊,全校跨領域團隊,四技2年2班,吳冠霖,11236037,陳秀美 助理教授,體育競賽,大專校院跆拳道錦標賽,男子品勢個人組,銅牌,6000,通知已發送,2026-08-23,2026-10-24,國立屏東高級中學,https://www.fooyin.edu.tw/news/detail/1220,榮獲銅牌，展現輔英科技大學跨學院/校隊全校跨領域團隊師生優異研發與專業實力。,,,,,,,,
221,114學年度,113-8行政會議,人文與管理學院,應用外語系,四技1年1班,蔡詩涵,11185255,鄭淑芬 教授,國內競賽,全國技專校院學生實務專題製作競賽,智慧長期照護創新與臨床應用專題,第一名,17000,待通知,,2026-10-18,輔英科技大學附設附中,https://drive.google.com/file/d/fy-award-proof-221/view,榮獲第一名，展現輔英科技大學人文與管理學院應用外語系師生優異研發與專業實力。,,,,,,,,
222,114學年度,114-2行政會議,環境與生命學院,職業安全衛生系,五專3年1班,謝佩珊,11148085,林雅萍 副教授,體育競賽,全國大專游泳錦標賽,女子 200 公尺混合式,第一名,8000,待通知,,2026-10-16,高雄市立高雄女子高級中學,https://drive.google.com/file/d/fy-award-proof-222/view,榮獲第一名，展現輔英科技大學環境與生命學院職業安全衛生系師生優異研發與專業實力。,,,,,,,,
223,115學年度,校務會議紀錄,醫學與健康學院,醫學影像暨放射科學系,四技3年1班,江佩君、蔡詩涵,11254921,王建智 教授,國際競賽,美國IEEE國際生醫工程競賽,AI影像輔助診斷與檢驗系統,銅牌,13000,已完成撥款,2026-08-18,2026-10-27,樹德家商,https://drive.google.com/file/d/fy-award-proof-223/view,榮獲銅牌，展現輔英科技大學醫學與健康學院醫學影像暨放射科學系師生優異研發與專業實力。,,,,,,,,
224,114學年度,校務會議紀錄,醫學與健康學院,醫學檢驗生物技術系,五專5年1班,黃怡君、劉彥宏,11164529,鄭淑芬 教授,特殊優良事蹟,輔英科技大學校友會優秀學生獎學金,學業與服務特殊優良表現,特優獎學金,11000,已線上簽領,2026-08-21,2026-10-15,高雄市立前鎮高級中學,https://drive.google.com/file/d/fy-award-proof-224/view,榮獲特優獎學金，展現輔英科技大學醫學與健康學院醫學檢驗生物技術系師生優異研發與專業實力。,,,,,,,,
225,115學年度,113-5行政會議,人文與管理學院,休閒與遊憩事業管理系,五專4年2班,董宜蓁、張家豪,11144290,林雅萍 副教授,國際競賽,日內瓦國際發明展,銀髮族急救安全監測穿戴裝置,特優,23000,已線上簽領,2026-08-17,2026-10-25,國立岡山高級中學,https://drive.google.com/file/d/fy-award-proof-225/view,榮獲特優，展現輔英科技大學人文與管理學院休閒與遊憩事業管理系師生優異研發與專業實力。,,,,,,,,
226,115學年度,115-3行政會議,護理學院,高齡全程照顧視導學士學位學程,四技1年1班,羅佳蓉,11183183,張哲銘 教授,國際競賽,首爾國際發明展,高齡化智慧護理輔助照護裝置,銀牌,20000,已完成撥款,2026-08-25,2026-10-20,國立鳳山高級中學,https://drive.google.com/file/d/fy-award-proof-226/view,榮獲銀牌，展現輔英科技大學護理學院高齡全程照顧視導學士學位學程師生優異研發與專業實力。,,,,,,,,
227,114學年度,113-8行政會議,環境與生命學院,生物科技系,五專3年1班,羅佳蓉,11240801,李佳蓉 副教授,專業證照,行政院環保署廢水處理專責人員,甲級廢水處理專責人員合格證書,甲級證照,11000,已線上簽領,2026-08-25,2026-10-29,國立臺南第一高級中學,https://www.fooyin.edu.tw/news/detail/1227,榮獲甲級證照，展現輔英科技大學環境與生命學院生物科技系師生優異研發與專業實力。,,,,,,,,
228,114學年度,學校公開官方網站,護理學院,護理系,四技4年1班,陳雅婷,11189194,黃宗賢 教授,特殊優良事蹟,國際紅十字會救護志工表揚,急救醫療服務與特殊貢獻,急救楷模,7000,已線上簽領,2026-08-24,2026-10-25,國立臺南第一高級中學,https://drive.google.com/file/d/fy-award-proof-228/view,榮獲急救楷模，展現輔英科技大學護理學院護理系師生優異研發與專業實力。,,,,,,,,
229,113學年度,114-9行政會議,環境與生命學院,職業安全衛生系,四技3年1班,鄭羽婷、吳冠霖,11339064,張哲銘 教授,體育競賽,全國大專校院排球聯賽 (UVL),公開二級女子排球錦標賽,亞軍,12000,已線上簽領,2026-08-21,2026-10-18,高雄市立高雄女子高級中學,https://drive.google.com/file/d/fy-award-proof-229/view,榮獲亞軍，展現輔英科技大學環境與生命學院職業安全衛生系師生優異研發與專業實力。,,,,,,,,
230,114學年度,113-5行政會議,人文與管理學院,幼兒保育系,四技2年2班,曾智捷、鄭羽婷,11238257,鄭淑芬 教授,國內競賽,臺灣大專院校醫技專題學術研討會,新型抗藥性細菌快速檢測晶片開發,佳作,5000,已完成撥款,2026-08-11,2026-10-18,中山工商,https://drive.google.com/file/d/fy-award-proof-230/view,榮獲佳作，展現輔英科技大學人文與管理學院幼兒保育系師生優異研發與專業實力。,,,,,,,,
231,114學年度,校務會議紀錄,跨學院/校隊,創新創業培訓隊,五專5年1班,陳雅婷、黃怡君、韓承翰,11373298,王建智 教授,特殊優良事蹟,教育部青年署青聚點地方創生計畫,偏鄉長者健康關懷與社會實踐服務,績優團隊,13000,待通知,,2026-10-25,國立岡山高級中學,https://drive.google.com/file/d/fy-award-proof-231/view,榮獲績優團隊，展現輔英科技大學跨學院/校隊創新創業培訓隊師生優異研發與專業實力。,,,,,,,,
232,114學年度,115-3行政會議,醫學與健康學院,醫學影像暨放射科學系,四技4年1班,呂宗翰、董宜蓁、郭威廷,11164099,黃宗賢 教授,特殊優良事蹟,高雄市青年局志工服務楷模,高齡社區義診與健康宣導服務隊,卓越志工獎,13000,已線上簽領,2026-08-16,2026-10-21,國立潮州高級中學,https://drive.google.com/file/d/fy-award-proof-232/view,榮獲卓越志工獎，展現輔英科技大學醫學與健康學院醫學影像暨放射科學系師生優異研發與專業實力。,,,,,,,,
233,115學年度,114-4行政會議,醫學與健康學院,保健營養系,五專5年1班,游智凱,11325126,林雅萍 副教授,特殊優良事蹟,輔英科技大學校友會優秀學生獎學金,學業與服務特殊優良表現,特優獎學金,15000,已線上簽領,2026-08-23,2026-10-24,國立臺南第二高級中學,https://drive.google.com/file/d/fy-award-proof-233/view,榮獲特優獎學金，展現輔英科技大學醫學與健康學院保健營養系師生優異研發與專業實力。,,,,,,,,
234,115學年度,113-3行政會議,護理學院,高齡全程照顧視導學士學位學程,五專5年1班,黃怡君,11144993,王建智 教授,體育競賽,全國大專校院排球聯賽 (UVL),公開二級女子排球錦標賽,亞軍,11000,已完成撥款,2026-08-19,2026-10-21,中山工商,https://drive.google.com/file/d/fy-award-proof-234/view,榮獲亞軍，展現輔英科技大學護理學院高齡全程照顧視導學士學位學程師生優異研發與專業實力。,,,,,,,,
235,114學年度,114-9行政會議,護理學院,長期照顧學位學程,進二技2年1班,羅佳蓉、葉馨文,11347701,張哲銘 教授,專業證照,行政院環保署廢水處理專責人員,甲級廢水處理專責人員合格證書,甲級證照,9000,已完成撥款,2026-08-20,2026-10-16,高雄市立高雄女子高級中學,https://drive.google.com/file/d/fy-award-proof-235/view,榮獲甲級證照，展現輔英科技大學護理學院長期照顧學位學程師生優異研發與專業實力。,,,,,,,,
236,113學年度,115-3行政會議,人文與管理學院,資訊管理系,四技3年1班,曾智捷、呂宗翰,11233255,李佳蓉 副教授,國內競賽,教育部全國大專校院創新創業競賽,循環經濟與生物基機能性產品開發,冠軍,20000,待通知,,2026-10-16,國立臺南第二高級中學,https://www.fooyin.edu.tw/news/detail/1236,榮獲冠軍，展現輔英科技大學人文與管理學院資訊管理系師生優異研發與專業實力。,,,,,,,,
237,114學年度,113-5行政會議,醫學與健康學院,健康美容系,四技2年2班,鍾名翔,11330290,張哲銘 教授,國內競賽,臺灣大專院校醫技專題學術研討會,新型抗藥性細菌快速檢測晶片開發,佳作,10000,待通知,,2026-10-24,高雄市立瑞祥高級中學,https://drive.google.com/file/d/fy-award-proof-237/view,榮獲佳作，展現輔英科技大學醫學與健康學院健康美容系師生優異研發與專業實力。,,,,,,,,
238,115學年度,114-4行政會議,護理學院,長期照顧學位學程,四技3年1班,謝佩珊,11318936,王建智 教授,專業證照,勞動部技能檢定,美容甲級技術士專業證照,甲級證照,11000,已線上簽領,2026-08-21,2026-10-22,高雄市立中山高級中學,https://drive.google.com/file/d/fy-award-proof-238/view,榮獲甲級證照，展現輔英科技大學護理學院長期照顧學位學程師生優異研發與專業實力。,,,,,,,,
239,114學年度,114-4行政會議,環境與生命學院,應用化學及材料科學系,進二技2年1班,陳雅婷,11197679,林雅萍 副教授,專業證照,考選部醫事檢驗師國家考試,醫事檢驗師國家證照通過,考照通過,10000,已完成撥款,2026-08-17,2026-10-16,高雄市立前鎮高級中學,https://drive.google.com/file/d/fy-award-proof-239/view,榮獲考照通過，展現輔英科技大學環境與生命學院應用化學及材料科學系師生優異研發與專業實力。,,,,,,,,
240,114學年度,113-3行政會議,人文與管理學院,應用外語系,進二技2年1班,林宇翔、賴威任,11376680,鄭淑芬 教授,專業證照,考選部專門職業及技術人員國考,護理師國家考試全國榜首與特優,榜首,17000,已完成撥款,2026-08-16,2026-10-25,國立岡山高級中學,https://www.fooyin.edu.tw/news/detail/1240,榮獲榜首，展現輔英科技大學人文與管理學院應用外語系師生優異研發與專業實力。,,,,,,,,
241,113學年度,113-5行政會議,跨學院/校隊,創新創業培訓隊,五專3年1班,彭思涵、韓承翰,11136945,劉國強 教授,國際競賽,首爾國際發明展,高齡化智慧護理輔助照護裝置,銀牌,15000,已線上簽領,2026-08-20,2026-10-16,國立鳳山高級中學,https://www.fooyin.edu.tw/news/detail/1241,榮獲銀牌，展現輔英科技大學跨學院/校隊創新創業培訓隊師生優異研發與專業實力。,,,,,,,,
242,113學年度,114-2行政會議,跨學院/校隊,全校跨領域團隊,四技1年1班,唐千惠、羅佳蓉、董宜蓁,11363011,劉國強 教授,體育競賽,全國大專院校運動會 (全大運),公開女子組田徑 400 公尺接力,金牌,13000,已線上簽領,2026-08-27,2026-10-15,高雄市立前鎮高級中學,https://drive.google.com/file/d/fy-award-proof-242/view,榮獲金牌，展現輔英科技大學跨學院/校隊全校跨領域團隊師生優異研發與專業實力。,,,,,,,,
243,113學年度,學校公開官方網站,跨學院/校隊,全校跨領域團隊,五專4年2班,吳冠霖,11299899,黃宗賢 教授,特殊優良事蹟,教育部大專優秀青年選拔,全國大專優秀青年代表榮譽,全國大專優秀青年,12000,已完成撥款,2026-08-24,2026-10-27,國立臺南第二高級中學,https://drive.google.com/file/d/fy-award-proof-243/view,榮獲全國大專優秀青年，展現輔英科技大學跨學院/校隊全校跨領域團隊師生優異研發與專業實力。,,,,,,,,
244,113學年度,114-9行政會議,醫學與健康學院,健康美容系,四技1年1班,宋尚霖,11348663,王建智 教授,體育競賽,全國大專校院排球聯賽 (UVL),公開二級女子排球錦標賽,亞軍,10000,已線上簽領,2026-08-27,2026-10-19,國立鳳山高級中學,https://www.fooyin.edu.tw/news/detail/1244,榮獲亞軍，展現輔英科技大學醫學與健康學院健康美容系師生優異研發與專業實力。,,,,,,,,
245,115學年度,115-3行政會議,人文與管理學院,幼兒保育系,四技2年2班,柯建宏,11164087,王建智 教授,國內競賽,教育部全國大專校院創新創業競賽,循環經濟與生物基機能性產品開發,冠軍,16000,已線上簽領,2026-08-18,2026-10-21,國立鳳山高級中學,https://www.fooyin.edu.tw/news/detail/1245,榮獲冠軍，展現輔英科技大學人文與管理學院幼兒保育系師生優異研發與專業實力。,,,,,,,,
246,115學年度,113-1行政會議,跨學院/校隊,輔英運動代表隊,進二技2年1班,許哲瑋,11222871,陳秀美 助理教授,特殊優良事蹟,輔英科技大學校友會優秀學生獎學金,學業與服務特殊優良表現,特優獎學金,12000,通知已發送,2026-08-17,2026-10-18,輔英科技大學附設附中,https://drive.google.com/file/d/fy-award-proof-246/view,榮獲特優獎學金，展現輔英科技大學跨學院/校隊輔英運動代表隊師生優異研發與專業實力。,,,,,,,,
247,113學年度,114-4行政會議,人文與管理學院,休閒與遊憩事業管理系,四技3年1班,蕭奉儀、楊晨欣,11384299,林雅萍 副教授,體育競賽,全國大專游泳錦標賽,女子 200 公尺混合式,第一名,9000,待通知,,2026-10-22,中山工商,https://www.fooyin.edu.tw/news/detail/1247,榮獲第一名，展現輔英科技大學人文與管理學院休閒與遊憩事業管理系師生優異研發與專業實力。,,,,,,,,
248,115學年度,校務會議紀錄,人文與管理學院,應用外語系,四技3年1班,簡雅雯,11270666,鄭淑芬 教授,體育競賽,全國大專校院排球聯賽 (UVL),公開二級女子排球錦標賽,亞軍,13000,已線上簽領,2026-08-15,2026-10-17,輔英科技大學附設附中,https://drive.google.com/file/d/fy-award-proof-248/view,榮獲亞軍，展現輔英科技大學人文與管理學院應用外語系師生優異研發與專業實力。,,,,,,,,
249,113學年度,115-1行政會議,醫學與健康學院,醫學影像暨放射科學系,五專4年2班,林宇翔、宋尚霖,11337886,張哲銘 教授,特殊優良事蹟,高雄市青年局志工服務楷模,高齡社區義診與健康宣導服務隊,卓越志工獎,13000,已完成撥款,2026-08-27,2026-10-30,高雄市立前鎮高級中學,https://drive.google.com/file/d/fy-award-proof-249/view,榮獲卓越志工獎，展現輔英科技大學醫學與健康學院醫學影像暨放射科學系師生優異研發與專業實力。,,,,,,,,
250,114學年度,114-6行政會議,醫學與健康學院,健康美容系,四技2年2班,蔡詩涵,11257692,張哲銘 教授,國內競賽,高雄市大專青年盃社會創新提案,社區高齡健康促進與營養膳食推廣,特優,9000,已完成撥款,2026-08-14,2026-10-29,國立屏東高級中學,https://www.fooyin.edu.tw/news/detail/1250,榮獲特優，展現輔英科技大學醫學與健康學院健康美容系師生優異研發與專業實力。,,,,,,,,
251,115學年度,校務會議紀錄,醫學與健康學院,保健營養系,碩士班1年級,張家豪、蘇健銘、方冠華,11118239,黃宗賢 教授,體育競賽,全國大專校院羽球錦標賽,混合雙打組,冠軍,8000,已線上簽領,2026-08-26,2026-10-26,國立臺南第二高級中學,https://drive.google.com/file/d/fy-award-proof-251/view,榮獲冠軍，展現輔英科技大學醫學與健康學院保健營養系師生優異研發與專業實力。,,,,,,,,
252,114學年度,113-1行政會議,護理學院,長期照顧學位學程,四技3年1班,江佩君,11344513,王建智 教授,專業證照,行政院環保署廢水處理專責人員,甲級廢水處理專責人員合格證書,甲級證照,8000,已線上簽領,2026-08-12,2026-10-23,國立臺南第二高級中學,https://drive.google.com/file/d/fy-award-proof-252/view,榮獲甲級證照，展現輔英科技大學護理學院長期照顧學位學程師生優異研發與專業實力。,,,,,,,,
253,113學年度,115-1行政會議,人文與管理學院,應用外語系,四技3年1班,薛紫晴,11310864,王建智 教授,專業證照,考選部醫事檢驗師國家考試,醫事檢驗師國家證照通過,考照通過,6000,待通知,,2026-10-23,高雄市立中山高級中學,https://www.fooyin.edu.tw/news/detail/1253,榮獲考照通過，展現輔英科技大學人文與管理學院應用外語系師生優異研發與專業實力。,,,,,,,,
254,113學年度,114-4行政會議,跨學院/校隊,創新創業培訓隊,五專4年2班,唐千惠、簡雅雯,11324855,鄭淑芬 教授,專業證照,行政院環保署廢水處理專責人員,甲級廢水處理專責人員合格證書,甲級證照,7000,已線上簽領,2026-08-23,2026-10-15,高雄市立中山高級中學,https://www.fooyin.edu.tw/news/detail/1254,榮獲甲級證照，展現輔英科技大學跨學院/校隊創新創業培訓隊師生優異研發與專業實力。,,,,,,,,
255,115學年度,115-3行政會議,醫學與健康學院,物理治療系,進二技2年1班,楊晨欣,11131802,黃宗賢 教授,國內競賽,高雄市大專青年盃社會創新提案,社區高齡健康促進與營養膳食推廣,特優,11000,已線上簽領,2026-08-28,2026-10-15,樹德家商,https://drive.google.com/file/d/fy-award-proof-255/view,榮獲特優，展現輔英科技大學醫學與健康學院物理治療系師生優異研發與專業實力。,,,,,,,,
256,114學年度,113-3行政會議,醫學與健康學院,營養與健康美容系,碩士班1年級,劉彥宏、蘇健銘,11288753,王建智 教授,特殊優良事蹟,教育部青年署青聚點地方創生計畫,偏鄉長者健康關懷與社會實踐服務,績優團隊,17000,已線上簽領,2026-08-18,2026-10-20,樹德家商,https://drive.google.com/file/d/fy-award-proof-256/view,榮獲績優團隊，展現輔英科技大學醫學與健康學院營養與健康美容系師生優異研發與專業實力。,,,,,,,,
257,114學年度,115-3行政會議,跨學院/校隊,全校跨領域團隊,四技1年1班,郭威廷,11112170,陳秀美 助理教授,特殊優良事蹟,國際紅十字會救護志工表揚,急救醫療服務與特殊貢獻,急救楷模,9000,已完成撥款,2026-08-13,2026-10-20,高雄市立瑞祥高級中學,https://drive.google.com/file/d/fy-award-proof-257/view,榮獲急救楷模，展現輔英科技大學跨學院/校隊全校跨領域團隊師生優異研發與專業實力。,,,,,,,,
258,115學年度,113-1行政會議,跨學院/校隊,創新創業培訓隊,五專4年2班,郭威廷,11380685,張哲銘 教授,專業證照,勞動部技能檢定,美容甲級技術士專業證照,甲級證照,9000,通知已發送,2026-08-11,2026-10-28,高雄市立中山高級中學,https://drive.google.com/file/d/fy-award-proof-258/view,榮獲甲級證照，展現輔英科技大學跨學院/校隊創新創業培訓隊師生優異研發與專業實力。,,,,,,,,
259,114學年度,114-6行政會議,環境與生命學院,環境工程與科學系,四技4年1班,薛紫晴,11120986,黃宗賢 教授,特殊優良事蹟,國際紅十字會救護志工表揚,急救醫療服務與特殊貢獻,急救楷模,9000,通知已發送,2026-08-10,2026-10-15,國立潮州高級中學,https://drive.google.com/file/d/fy-award-proof-259/view,榮獲急救楷模，展現輔英科技大學環境與生命學院環境工程與科學系師生優異研發與專業實力。,,,,,,,,
260,115學年度,113-1行政會議,人文與管理學院,資訊管理系,四技3年1班,吳冠霖,11165846,黃宗賢 教授,體育競賽,大專校院跆拳道錦標賽,男子品勢個人組,銅牌,8000,已線上簽領,2026-08-18,2026-10-27,中山工商,https://www.fooyin.edu.tw/news/detail/1260,榮獲銅牌，展現輔英科技大學人文與管理學院資訊管理系師生優異研發與專業實力。,,,,,,,,
261,115學年度,115-1行政會議,人文與管理學院,資訊管理系,四技3年1班,薛紫晴,11250193,林雅萍 副教授,專業證照,考選部醫事檢驗師國家考試,醫事檢驗師國家證照通過,考照通過,5000,已線上簽領,2026-08-24,2026-10-20,國立鳳山高級中學,https://www.fooyin.edu.tw/news/detail/1261,榮獲考照通過，展現輔英科技大學人文與管理學院資訊管理系師生優異研發與專業實力。,,,,,,,,
262,114學年度,114-4行政會議,跨學院/校隊,創新創業培訓隊,五專3年1班,陳雅婷,11129048,鄭淑芬 教授,特殊優良事蹟,輔英科技大學校友會優秀學生獎學金,學業與服務特殊優良表現,特優獎學金,10000,待通知,,2026-10-22,國立臺南第一高級中學,https://www.fooyin.edu.tw/news/detail/1262,榮獲特優獎學金，展現輔英科技大學跨學院/校隊創新創業培訓隊師生優異研發與專業實力。,,,,,,,,
263,113學年度,學校公開官方網站,人文與管理學院,休閒與遊憩事業管理系,進二技2年1班,黃怡君,11193924,鄭淑芬 教授,專業證照,考選部專門職業及技術人員國考,護理師國家考試全國榜首與特優,榜首,16000,已完成撥款,2026-08-26,2026-10-24,高雄市立中山高級中學,https://www.fooyin.edu.tw/news/detail/1263,榮獲榜首，展現輔英科技大學人文與管理學院休閒與遊憩事業管理系師生優異研發與專業實力。,,,,,,,,
264,115學年度,115-1行政會議,跨學院/校隊,創新創業培訓隊,四技1年1班,張家豪、賴威任,11195854,張哲銘 教授,國內競賽,全國技專校院學生實務專題製作競賽,智慧長期照護創新與臨床應用專題,第一名,14000,已完成撥款,2026-08-21,2026-10-27,國立臺南第二高級中學,https://drive.google.com/file/d/fy-award-proof-264/view,榮獲第一名，展現輔英科技大學跨學院/校隊創新創業培訓隊師生優異研發與專業實力。,,,,,,,,
265,115學年度,113-1行政會議,護理學院,護理系,進二技2年1班,柯建宏,11246242,陳秀美 助理教授,特殊優良事蹟,教育部青年署青聚點地方創生計畫,偏鄉長者健康關懷與社會實踐服務,績優團隊,15000,已完成撥款,2026-08-28,2026-10-15,輔英科技大學附設附中,https://www.fooyin.edu.tw/news/detail/1265,榮獲績優團隊，展現輔英科技大學護理學院護理系師生優異研發與專業實力。,,,,,,,,
266,115學年度,113-3行政會議,跨學院/校隊,全校跨領域團隊,進二技2年1班,鄭羽婷,11343776,黃宗賢 教授,專業證照,行政院環保署廢水處理專責人員,甲級廢水處理專責人員合格證書,甲級證照,11000,已線上簽領,2026-08-17,2026-10-25,中山工商,https://drive.google.com/file/d/fy-award-proof-266/view,榮獲甲級證照，展現輔英科技大學跨學院/校隊全校跨領域團隊師生優異研發與專業實力。,,,,,,,,
267,114學年度,115-3行政會議,護理學院,高齡全程照顧視導學士學位學程,五專4年2班,羅佳蓉,11338885,陳秀美 助理教授,體育競賽,全國大專游泳錦標賽,女子 200 公尺混合式,第一名,10000,已線上簽領,2026-08-10,2026-10-23,高雄市立中山高級中學,https://www.fooyin.edu.tw/news/detail/1267,榮獲第一名，展現輔英科技大學護理學院高齡全程照顧視導學士學位學程師生優異研發與專業實力。,,,,,,,,
268,114學年度,校務會議紀錄,環境與生命學院,環境工程與科學系,進二技2年1班,薛紫晴、游智凱、柯建宏,11185197,黃宗賢 教授,國內競賽,教育部全國大專校院創新創業競賽,循環經濟與生物基機能性產品開發,冠軍,18000,已線上簽領,2026-08-17,2026-10-22,輔英科技大學附設附中,https://www.fooyin.edu.tw/news/detail/1268,榮獲冠軍，展現輔英科技大學環境與生命學院環境工程與科學系師生優異研發與專業實力。,,,,,,,,
269,113學年度,113-8行政會議,跨學院/校隊,輔英運動代表隊,五專5年1班,鄭羽婷、蔡詩涵,11396956,鄭淑芬 教授,特殊優良事蹟,教育部大專優秀青年選拔,全國大專優秀青年代表榮譽,全國大專優秀青年,15000,已完成撥款,2026-08-25,2026-10-26,國立潮州高級中學,https://drive.google.com/file/d/fy-award-proof-269/view,榮獲全國大專優秀青年，展現輔英科技大學跨學院/校隊輔英運動代表隊師生優異研發與專業實力。,,,,,,,,
270,115學年度,114-2行政會議,人文與管理學院,資訊管理系,進二技2年1班,蘇健銘,11326809,張哲銘 教授,特殊優良事蹟,輔英科技大學校友會優秀學生獎學金,學業與服務特殊優良表現,特優獎學金,13000,已完成撥款,2026-08-11,2026-10-26,國立臺南第二高級中學,https://drive.google.com/file/d/fy-award-proof-270/view,榮獲特優獎學金，展現輔英科技大學人文與管理學院資訊管理系師生優異研發與專業實力。,,,,,,,,
271,113學年度,114-9行政會議,護理學院,長期照顧學位學程,進二技2年1班,陳雅婷,11198356,陳秀美 助理教授,專業證照,勞動部技能檢定,美容甲級技術士專業證照,甲級證照,6000,通知已發送,2026-08-18,2026-10-20,國立岡山高級中學,https://www.fooyin.edu.tw/news/detail/1271,榮獲甲級證照，展現輔英科技大學護理學院長期照顧學位學程師生優異研發與專業實力。,,,,,,,,
272,114學年度,114-9行政會議,跨學院/校隊,輔英運動代表隊,四技3年1班,韓承翰,11164931,林雅萍 副教授,體育競賽,全國大專游泳錦標賽,女子 200 公尺混合式,第一名,10000,已線上簽領,2026-08-28,2026-10-19,國立潮州高級中學,https://drive.google.com/file/d/fy-award-proof-272/view,榮獲第一名，展現輔英科技大學跨學院/校隊輔英運動代表隊師生優異研發與專業實力。,,,,,,,,
273,113學年度,學校公開官方網站,環境與生命學院,應用化學及材料科學系,進二技2年1班,羅佳蓉,11129116,王建智 教授,專業證照,考選部專門職業及技術人員國考,護理師國家考試全國榜首與特優,榜首,16000,已線上簽領,2026-08-14,2026-10-25,中山工商,https://drive.google.com/file/d/fy-award-proof-273/view,榮獲榜首，展現輔英科技大學環境與生命學院應用化學及材料科學系師生優異研發與專業實力。,,,,,,,,
274,114學年度,115-1行政會議,跨學院/校隊,全校跨領域團隊,四技4年1班,劉彥宏,11138241,黃宗賢 教授,專業證照,考選部專門職業及技術人員國考,護理師國家考試全國榜首與特優,榜首,18000,已線上簽領,2026-08-18,2026-10-26,國立臺南第一高級中學,https://drive.google.com/file/d/fy-award-proof-274/view,榮獲榜首，展現輔英科技大學跨學院/校隊全校跨領域團隊師生優異研發與專業實力。,,,,,,,,
275,114學年度,114-4行政會議,護理學院,高齡全程照顧視導學士學位學程,五專4年2班,曾智捷,11385483,王建智 教授,體育競賽,全國大專校院排球聯賽 (UVL),公開二級女子排球錦標賽,亞軍,12000,已線上簽領,2026-08-25,2026-10-29,國立鳳山高級中學,https://drive.google.com/file/d/fy-award-proof-275/view,榮獲亞軍，展現輔英科技大學護理學院高齡全程照顧視導學士學位學程師生優異研發與專業實力。,,,,,,,,
276,114學年度,114-9行政會議,醫學與健康學院,物理治療系,四技3年1班,宋尚霖,11120369,王建智 教授,體育競賽,全國大專校院羽球錦標賽,混合雙打組,冠軍,10000,通知已發送,2026-08-19,2026-10-23,國立潮州高級中學,https://drive.google.com/file/d/fy-award-proof-276/view,榮獲冠軍，展現輔英科技大學醫學與健康學院物理治療系師生優異研發與專業實力。,,,,,,,,
277,114學年度,114-9行政會議,環境與生命學院,職業安全衛生系,四技4年1班,林宇翔,11140753,黃宗賢 教授,國際競賽,首爾國際發明展,高齡化智慧護理輔助照護裝置,銀牌,16000,通知已發送,2026-08-13,2026-10-17,高雄市立瑞祥高級中學,https://drive.google.com/file/d/fy-award-proof-277/view,榮獲銀牌，展現輔英科技大學環境與生命學院職業安全衛生系師生優異研發與專業實力。,,,,,,,,
278,113學年度,114-6行政會議,跨學院/校隊,全校跨領域團隊,五專4年2班,楊晨欣,11195830,劉國強 教授,體育競賽,全國大專校院羽球錦標賽,混合雙打組,冠軍,9000,已線上簽領,2026-08-24,2026-10-19,國立屏東高級中學,https://drive.google.com/file/d/fy-award-proof-278/view,榮獲冠軍，展現輔英科技大學跨學院/校隊全校跨領域團隊師生優異研發與專業實力。,,,,,,,,
279,113學年度,113-1行政會議,護理學院,長期照顧學位學程,四技3年1班,游智凱、薛紫晴,11280855,黃宗賢 教授,特殊優良事蹟,輔英科技大學校友會優秀學生獎學金,學業與服務特殊優良表現,特優獎學金,11000,已完成撥款,2026-08-27,2026-10-20,國立潮州高級中學,https://drive.google.com/file/d/fy-award-proof-279/view,榮獲特優獎學金，展現輔英科技大學護理學院長期照顧學位學程師生優異研發與專業實力。,,,,,,,,
280,115學年度,學校公開官方網站,跨學院/校隊,輔英運動代表隊,進二技2年1班,蕭奉儀、柯建宏,11280735,陳秀美 助理教授,國際競賽,美國IEEE國際生醫工程競賽,AI影像輔助診斷與檢驗系統,銅牌,12000,通知已發送,2026-08-18,2026-10-19,輔英科技大學附設附中,https://www.fooyin.edu.tw/news/detail/1280,榮獲銅牌，展現輔英科技大學跨學院/校隊輔英運動代表隊師生優異研發與專業實力。,,,,,,,,
281,115學年度,113-5行政會議,環境與生命學院,生物科技系,碩士班1年級,方冠華,11249270,張哲銘 教授,專業證照,考選部物理治療師國家考試,物理治療師考照通過,考照通過,10000,通知已發送,2026-08-10,2026-10-26,高雄市立中山高級中學,https://drive.google.com/file/d/fy-award-proof-281/view,榮獲考照通過，展現輔英科技大學環境與生命學院生物科技系師生優異研發與專業實力。,,,,,,,,
282,115學年度,114-6行政會議,人文與管理學院,資訊管理系,五專5年1班,羅佳蓉、蘇健銘,11220382,劉國強 教授,國內競賽,高雄市大專青年盃社會創新提案,社區高齡健康促進與營養膳食推廣,特優,13000,已完成撥款,2026-08-18,2026-10-24,高雄市立前鎮高級中學,https://drive.google.com/file/d/fy-award-proof-282/view,榮獲特優，展現輔英科技大學人文與管理學院資訊管理系師生優異研發與專業實力。,,,,,,,,
283,114學年度,114-6行政會議,醫學與健康學院,醫學檢驗生物技術系,五專5年1班,鄭羽婷,11369682,鄭淑芬 教授,體育競賽,大專校院跆拳道錦標賽,男子品勢個人組,銅牌,8000,通知已發送,2026-08-10,2026-10-19,高雄市立高雄女子高級中學,https://drive.google.com/file/d/fy-award-proof-283/view,榮獲銅牌，展現輔英科技大學醫學與健康學院醫學檢驗生物技術系師生優異研發與專業實力。,,,,,,,,
284,113學年度,113-5行政會議,護理學院,高齡全程照顧視導學士學位學程,四技2年2班,董宜蓁,11311075,陳秀美 助理教授,國際競賽,首爾國際發明展,高齡化智慧護理輔助照護裝置,銀牌,15000,已線上簽領,2026-08-20,2026-10-28,輔英科技大學附設附中,https://drive.google.com/file/d/fy-award-proof-284/view,榮獲銀牌，展現輔英科技大學護理學院高齡全程照顧視導學士學位學程師生優異研發與專業實力。,,,,,,,,
285,114學年度,114-4行政會議,人文與管理學院,幼兒保育系,四技3年1班,楊晨欣,11144931,劉國強 教授,國際競賽,日內瓦國際發明展,銀髮族急救安全監測穿戴裝置,特優,21000,通知已發送,2026-08-18,2026-10-27,高雄市立高雄女子高級中學,https://www.fooyin.edu.tw/news/detail/1285,榮獲特優，展現輔英科技大學人文與管理學院幼兒保育系師生優異研發與專業實力。,,,,,,,,
286,115學年度,113-8行政會議,人文與管理學院,休閒與遊憩事業管理系,四技1年1班,張家豪、曾智捷,11222315,陳秀美 助理教授,專業證照,行政院環保署廢水處理專責人員,甲級廢水處理專責人員合格證書,甲級證照,8000,已完成撥款,2026-08-15,2026-10-16,樹德家商,https://drive.google.com/file/d/fy-award-proof-286/view,榮獲甲級證照，展現輔英科技大學人文與管理學院休閒與遊憩事業管理系師生優異研發與專業實力。,,,,,,,,
287,115學年度,113-3行政會議,環境與生命學院,職業安全衛生系,四技2年2班,黃怡君,11338545,李佳蓉 副教授,國內競賽,全國大專校院資訊應用創新競賽,醫療院所智慧排班與物料管理系統,亞軍,12000,待通知,,2026-10-23,國立潮州高級中學,https://www.fooyin.edu.tw/news/detail/1287,榮獲亞軍，展現輔英科技大學環境與生命學院職業安全衛生系師生優異研發與專業實力。,,,,,,,,
288,113學年度,113-1行政會議,護理學院,長期照顧學位學程,碩士班1年級,楊晨欣、賴威任,11142600,王建智 教授,專業證照,考選部專門職業及技術人員國考,護理師國家考試全國榜首與特優,榜首,20000,通知已發送,2026-08-11,2026-10-16,國立臺南第一高級中學,https://drive.google.com/file/d/fy-award-proof-288/view,榮獲榜首，展現輔英科技大學護理學院長期照顧學位學程師生優異研發與專業實力。,,,,,,,,
289,115學年度,115-1行政會議,護理學院,護理系,碩士班1年級,柯建宏,11235292,張哲銘 教授,專業證照,考選部物理治療師國家考試,物理治療師考照通過,考照通過,6000,通知已發送,2026-08-11,2026-10-30,樹德家商,https://drive.google.com/file/d/fy-award-proof-289/view,榮獲考照通過，展現輔英科技大學護理學院護理系師生優異研發與專業實力。,,,,,,,,
290,114學年度,115-1行政會議,人文與管理學院,資訊管理系,五專5年1班,游智凱,11371393,黃宗賢 教授,特殊優良事蹟,國際紅十字會救護志工表揚,急救醫療服務與特殊貢獻,急救楷模,7000,待通知,,2026-10-19,高雄市立瑞祥高級中學,https://www.fooyin.edu.tw/news/detail/1290,榮獲急救楷模，展現輔英科技大學人文與管理學院資訊管理系師生優異研發與專業實力。,,,,,,,,
291,114學年度,115-1行政會議,環境與生命學院,職業安全衛生系,五專3年1班,羅佳蓉、謝佩珊,11191229,林雅萍 副教授,特殊優良事蹟,教育部青年署青聚點地方創生計畫,偏鄉長者健康關懷與社會實踐服務,績優團隊,14000,已線上簽領,2026-08-27,2026-10-27,高雄市立中山高級中學,https://drive.google.com/file/d/fy-award-proof-291/view,榮獲績優團隊，展現輔英科技大學環境與生命學院職業安全衛生系師生優異研發與專業實力。,,,,,,,,
292,114學年度,115-1行政會議,醫學與健康學院,健康美容系,四技2年2班,游智凱,11122616,李佳蓉 副教授,國際競賽,首爾國際發明展,高齡化智慧護理輔助照護裝置,銀牌,16000,已完成撥款,2026-08-16,2026-10-18,高雄市立瑞祥高級中學,https://www.fooyin.edu.tw/news/detail/1292,榮獲銀牌，展現輔英科技大學醫學與健康學院健康美容系師生優異研發與專業實力。,,,,,,,,
293,113學年度,115-3行政會議,人文與管理學院,休閒與遊憩事業管理系,進二技2年1班,莊浩宇、黃怡君,11238930,李佳蓉 副教授,國際競賽,首爾國際發明展,高齡化智慧護理輔助照護裝置,銀牌,18000,已完成撥款,2026-08-12,2026-10-29,中山工商,https://drive.google.com/file/d/fy-award-proof-293/view,榮獲銀牌，展現輔英科技大學人文與管理學院休閒與遊憩事業管理系師生優異研發與專業實力。,,,,,,,,
294,114學年度,115-1行政會議,人文與管理學院,應用外語系,五專3年1班,江佩君、張家豪,11319225,黃宗賢 教授,國際競賽,首爾國際發明展,高齡化智慧護理輔助照護裝置,銀牌,20000,待通知,,2026-10-22,國立岡山高級中學,https://drive.google.com/file/d/fy-award-proof-294/view,榮獲銀牌，展現輔英科技大學人文與管理學院應用外語系師生優異研發與專業實力。,,,,,,,,
295,113學年度,115-1行政會議,醫學與健康學院,健康美容系,五專5年1班,唐千惠,11323829,林雅萍 副教授,專業證照,行政院環保署廢水處理專責人員,甲級廢水處理專責人員合格證書,甲級證照,6000,通知已發送,2026-08-15,2026-10-27,國立岡山高級中學,https://drive.google.com/file/d/fy-award-proof-295/view,榮獲甲級證照，展現輔英科技大學醫學與健康學院健康美容系師生優異研發與專業實力。,,,,,,,,
296,113學年度,115-1行政會議,跨學院/校隊,輔英運動代表隊,四技3年1班,游智凱、賴威任、唐千惠,11366438,林雅萍 副教授,特殊優良事蹟,教育部青年署青聚點地方創生計畫,偏鄉長者健康關懷與社會實踐服務,績優團隊,17000,已線上簽領,2026-08-22,2026-10-23,國立臺南第一高級中學,https://drive.google.com/file/d/fy-award-proof-296/view,榮獲績優團隊，展現輔英科技大學跨學院/校隊輔英運動代表隊師生優異研發與專業實力。,,,,,,,,
297,114學年度,114-6行政會議,護理學院,長期照顧學位學程,五專3年1班,林宇翔、郭威廷、蕭奉儀,11149365,陳秀美 助理教授,國內競賽,臺灣大專院校醫技專題學術研討會,新型抗藥性細菌快速檢測晶片開發,佳作,5000,已完成撥款,2026-08-18,2026-10-19,國立鳳山高級中學,https://www.fooyin.edu.tw/news/detail/1297,榮獲佳作，展現輔英科技大學護理學院長期照顧學位學程師生優異研發與專業實力。,,,,,,,,
298,114學年度,113-5行政會議,醫學與健康學院,醫學影像暨放射科學系,四技3年1班,葉馨文、蘇健銘,11249361,李佳蓉 副教授,特殊優良事蹟,輔英科技大學校友會優秀學生獎學金,學業與服務特殊優良表現,特優獎學金,15000,已完成撥款,2026-08-12,2026-10-25,中山工商,https://drive.google.com/file/d/fy-award-proof-298/view,榮獲特優獎學金，展現輔英科技大學醫學與健康學院醫學影像暨放射科學系師生優異研發與專業實力。,,,,,,,,
299,114學年度,學校公開官方網站,跨學院/校隊,全校跨領域團隊,四技2年2班,羅佳蓉,11117329,林雅萍 副教授,體育競賽,全國大專游泳錦標賽,女子 200 公尺混合式,第一名,11000,已完成撥款,2026-08-13,2026-10-22,樹德家商,https://drive.google.com/file/d/fy-award-proof-299/view,榮獲第一名，展現輔英科技大學跨學院/校隊全校跨領域團隊師生優異研發與專業實力。,,,,,,,,
300,115學年度,113-1行政會議,人文與管理學院,幼兒保育系,四技2年2班,游智凱,11384044,王建智 教授,體育競賽,大專校院跆拳道錦標賽,男子品勢個人組,銅牌,6000,通知已發送,2026-08-22,2026-10-29,中山工商,https://drive.google.com/file/d/fy-award-proof-300/view,榮獲銅牌，展現輔英科技大學人文與管理學院幼兒保育系師生優異研發與專業實力。,,,,,,,,
301,115學年度,113-3行政會議,醫學與健康學院,營養與健康美容系,四技2年2班,楊晨欣、郭威廷,11220819,鄭淑芬 教授,特殊優良事蹟,教育部大專優秀青年選拔,全國大專優秀青年代表榮譽,全國大專優秀青年,15000,通知已發送,2026-08-12,2026-10-27,國立岡山高級中學,https://drive.google.com/file/d/fy-award-proof-301/view,榮獲全國大專優秀青年，展現輔英科技大學醫學與健康學院營養與健康美容系師生優異研發與專業實力。,,,,,,,,
302,115學年度,113-5行政會議,醫學與健康學院,營養與健康美容系,進二技2年1班,宋尚霖,11384885,陳秀美 助理教授,特殊優良事蹟,國際紅十字會救護志工表揚,急救醫療服務與特殊貢獻,急救楷模,11000,通知已發送,2026-08-12,2026-10-23,中山工商,https://drive.google.com/file/d/fy-award-proof-302/view,榮獲急救楷模，展現輔英科技大學醫學與健康學院營養與健康美容系師生優異研發與專業實力。,,,,,,,,
303,115學年度,115-3行政會議,護理學院,護理系,四技4年1班,柯建宏,11152039,林雅萍 副教授,特殊優良事蹟,教育部大專優秀青年選拔,全國大專優秀青年代表榮譽,全國大專優秀青年,12000,通知已發送,2026-08-21,2026-10-29,國立潮州高級中學,https://www.fooyin.edu.tw/news/detail/1303,榮獲全國大專優秀青年，展現輔英科技大學護理學院護理系師生優異研發與專業實力。,,,,,,,,
304,113學年度,113-8行政會議,醫學與健康學院,保健營養系,四技3年1班,蔡詩涵,11117148,陳秀美 助理教授,特殊優良事蹟,教育部青年署青聚點地方創生計畫,偏鄉長者健康關懷與社會實踐服務,績優團隊,14000,待通知,,2026-10-18,輔英科技大學附設附中,https://drive.google.com/file/d/fy-award-proof-304/view,榮獲績優團隊，展現輔英科技大學醫學與健康學院保健營養系師生優異研發與專業實力。,,,,,,,,
305,113學年度,114-4行政會議,醫學與健康學院,保健營養系,進二技2年1班,莊浩宇,11373311,王建智 教授,國際競賽,美國IEEE國際生醫工程競賽,AI影像輔助診斷與檢驗系統,銅牌,15000,已完成撥款,2026-08-26,2026-10-16,輔英科技大學附設附中,https://www.fooyin.edu.tw/news/detail/1305,榮獲銅牌，展現輔英科技大學醫學與健康學院保健營養系師生優異研發與專業實力。,,,,,,,,
306,114學年度,113-8行政會議,跨學院/校隊,輔英運動代表隊,五專3年1班,陳雅婷,11160940,黃宗賢 教授,體育競賽,全國大專院校運動會 (全大運),公開女子組田徑 400 公尺接力,金牌,10000,通知已發送,2026-08-22,2026-10-22,國立臺南第二高級中學,https://drive.google.com/file/d/fy-award-proof-306/view,榮獲金牌，展現輔英科技大學跨學院/校隊輔英運動代表隊師生優異研發與專業實力。,,,,,,,,
307,115學年度,113-3行政會議,環境與生命學院,職業安全衛生系,進二技2年1班,曾智捷,11370029,張哲銘 教授,國際競賽,首爾國際發明展,高齡化智慧護理輔助照護裝置,銀牌,20000,通知已發送,2026-08-25,2026-10-27,樹德家商,https://www.fooyin.edu.tw/news/detail/1307,榮獲銀牌，展現輔英科技大學環境與生命學院職業安全衛生系師生優異研發與專業實力。,,,,,,,,
308,114學年度,校務會議紀錄,環境與生命學院,生物科技系,四技2年2班,江佩君,11192023,黃宗賢 教授,專業證照,考選部專門職業及技術人員國考,護理師國家考試全國榜首與特優,榜首,20000,已完成撥款,2026-08-17,2026-10-19,國立臺南第一高級中學,https://drive.google.com/file/d/fy-award-proof-308/view,榮獲榜首，展現輔英科技大學環境與生命學院生物科技系師生優異研發與專業實力。,,,,,,,,
309,115學年度,113-5行政會議,護理學院,長期照顧學位學程,四技4年1班,蘇健銘,11241504,王建智 教授,專業證照,考選部物理治療師國家考試,物理治療師考照通過,考照通過,10000,通知已發送,2026-08-27,2026-10-19,高雄市立中山高級中學,https://drive.google.com/file/d/fy-award-proof-309/view,榮獲考照通過，展現輔英科技大學護理學院長期照顧學位學程師生優異研發與專業實力。,,,,,,,,
310,115學年度,115-1行政會議,醫學與健康學院,物理治療系,四技2年2班,郭威廷、韓承翰,11196013,王建智 教授,體育競賽,全國大專院校運動會 (全大運),公開女子組田徑 400 公尺接力,金牌,15000,已線上簽領,2026-08-13,2026-10-20,國立臺南第一高級中學,https://drive.google.com/file/d/fy-award-proof-310/view,榮獲金牌，展現輔英科技大學醫學與健康學院物理治療系師生優異研發與專業實力。,,,,,,,,
311,113學年度,學校公開官方網站,護理學院,高齡全程照顧視導學士學位學程,四技4年1班,蕭奉儀、董宜蓁、江佩君,11134632,李佳蓉 副教授,國內競賽,教育部全國大專校院創新創業競賽,循環經濟與生物基機能性產品開發,冠軍,15000,已完成撥款,2026-08-18,2026-10-22,國立潮州高級中學,https://www.fooyin.edu.tw/news/detail/1311,榮獲冠軍，展現輔英科技大學護理學院高齡全程照顧視導學士學位學程師生優異研發與專業實力。,,,,,,,,
312,115學年度,113-1行政會議,環境與生命學院,環境工程與科學系,碩士班1年級,薛紫晴,11395140,林雅萍 副教授,國內競賽,全國大專校院資訊應用創新競賽,醫療院所智慧排班與物料管理系統,亞軍,13000,已線上簽領,2026-08-15,2026-10-21,高雄市立中山高級中學,https://www.fooyin.edu.tw/news/detail/1312,榮獲亞軍，展現輔英科技大學環境與生命學院環境工程與科學系師生優異研發與專業實力。,,,,,,,,
313,113學年度,114-2行政會議,人文與管理學院,資訊管理系,四技1年1班,許哲瑋、謝佩珊,11290879,鄭淑芬 教授,體育競賽,全國大專游泳錦標賽,女子 200 公尺混合式,第一名,9000,已線上簽領,2026-08-11,2026-10-27,樹德家商,https://drive.google.com/file/d/fy-award-proof-313/view,榮獲第一名，展現輔英科技大學人文與管理學院資訊管理系師生優異研發與專業實力。,,,,,,,,
314,115學年度,學校公開官方網站,跨學院/校隊,創新創業培訓隊,進二技2年1班,張家豪,11324328,鄭淑芬 教授,專業證照,考選部專門職業及技術人員國考,護理師國家考試全國榜首與特優,榜首,16000,已線上簽領,2026-08-22,2026-10-16,國立岡山高級中學,https://drive.google.com/file/d/fy-award-proof-314/view,榮獲榜首，展現輔英科技大學跨學院/校隊創新創業培訓隊師生優異研發與專業實力。,,,,,,,,
315,115學年度,113-1行政會議,醫學與健康學院,醫學影像暨放射科學系,碩士班1年級,蕭奉儀,11270469,王建智 教授,專業證照,考選部物理治療師國家考試,物理治療師考照通過,考照通過,10000,已完成撥款,2026-08-26,2026-10-19,高雄市立瑞祥高級中學,https://drive.google.com/file/d/fy-award-proof-315/view,榮獲考照通過，展現輔英科技大學醫學與健康學院醫學影像暨放射科學系師生優異研發與專業實力。,,,,,,,,
316,114學年度,113-3行政會議,跨學院/校隊,全校跨領域團隊,五專5年1班,郭威廷、宋尚霖,11252396,鄭淑芬 教授,國際競賽,首爾國際發明展,高齡化智慧護理輔助照護裝置,銀牌,18000,已線上簽領,2026-08-16,2026-10-29,國立鳳山高級中學,https://www.fooyin.edu.tw/news/detail/1316,榮獲銀牌，展現輔英科技大學跨學院/校隊全校跨領域團隊師生優異研發與專業實力。,,,,,,,,
317,115學年度,校務會議紀錄,醫學與健康學院,保健營養系,五專4年2班,董宜蓁,11357571,李佳蓉 副教授,特殊優良事蹟,輔英科技大學校友會優秀學生獎學金,學業與服務特殊優良表現,特優獎學金,15000,已線上簽領,2026-08-15,2026-10-27,國立岡山高級中學,https://drive.google.com/file/d/fy-award-proof-317/view,榮獲特優獎學金，展現輔英科技大學醫學與健康學院保健營養系師生優異研發與專業實力。,,,,,,,,
318,113學年度,114-4行政會議,跨學院/校隊,創新創業培訓隊,五專5年1班,楊晨欣,11116725,劉國強 教授,體育競賽,全國大專校院排球聯賽 (UVL),公開二級女子排球錦標賽,亞軍,13000,通知已發送,2026-08-15,2026-10-18,國立屏東高級中學,https://drive.google.com/file/d/fy-award-proof-318/view,榮獲亞軍，展現輔英科技大學跨學院/校隊創新創業培訓隊師生優異研發與專業實力。,,,,,,,,
319,113學年度,115-3行政會議,環境與生命學院,環境工程與科學系,碩士班1年級,方冠華,11310753,鄭淑芬 教授,國內競賽,教育部全國大專校院創新創業競賽,循環經濟與生物基機能性產品開發,冠軍,20000,已線上簽領,2026-08-24,2026-10-28,高雄市立瑞祥高級中學,https://www.fooyin.edu.tw/news/detail/1319,榮獲冠軍，展現輔英科技大學環境與生命學院環境工程與科學系師生優異研發與專業實力。,,,,,,,,
320,115學年度,113-1行政會議,醫學與健康學院,健康美容系,四技2年2班,彭思涵、黃怡君,11129432,張哲銘 教授,體育競賽,全國大專院校運動會 (全大運),公開女子組田徑 400 公尺接力,金牌,11000,已完成撥款,2026-08-28,2026-10-24,國立臺南第一高級中學,https://drive.google.com/file/d/fy-award-proof-320/view,榮獲金牌，展現輔英科技大學醫學與健康學院健康美容系師生優異研發與專業實力。,,,,,,,,
321,113學年度,113-3行政會議,人文與管理學院,資訊管理系,五專5年1班,謝佩珊、鍾名翔,11385886,林雅萍 副教授,國際競賽,德國iF設計獎 / 國際發明展,智慧型室內CO₂捕集與探測系統,金牌,22000,通知已發送,2026-08-22,2026-10-17,中山工商,https://drive.google.com/file/d/fy-award-proof-321/view,榮獲金牌，展現輔英科技大學人文與管理學院資訊管理系師生優異研發與專業實力。,,,,,,,,
322,115學年度,113-3行政會議,環境與生命學院,職業安全衛生系,五專5年1班,江佩君,11279081,劉國強 教授,特殊優良事蹟,教育部青年署青聚點地方創生計畫,偏鄉長者健康關懷與社會實踐服務,績優團隊,13000,已線上簽領,2026-08-13,2026-10-17,高雄市立瑞祥高級中學,https://drive.google.com/file/d/fy-award-proof-322/view,榮獲績優團隊，展現輔英科技大學環境與生命學院職業安全衛生系師生優異研發與專業實力。,,,,,,,,
323,115學年度,學校公開官方網站,環境與生命學院,職業安全衛生系,四技3年1班,柯建宏,11190516,鄭淑芬 教授,特殊優良事蹟,輔英科技大學校友會優秀學生獎學金,學業與服務特殊優良表現,特優獎學金,13000,已完成撥款,2026-08-17,2026-10-24,高雄市立中山高級中學,https://www.fooyin.edu.tw/news/detail/1323,榮獲特優獎學金，展現輔英科技大學環境與生命學院職業安全衛生系師生優異研發與專業實力。,,,,,,,,
324,113學年度,114-9行政會議,護理學院,長期照顧學位學程,四技1年1班,唐千惠、張家豪,11255829,陳秀美 助理教授,國際競賽,首爾國際發明展,高齡化智慧護理輔助照護裝置,銀牌,17000,通知已發送,2026-08-12,2026-10-24,輔英科技大學附設附中,https://drive.google.com/file/d/fy-award-proof-324/view,榮獲銀牌，展現輔英科技大學護理學院長期照顧學位學程師生優異研發與專業實力。,,,,,,,,
325,114學年度,113-1行政會議,護理學院,長期照顧學位學程,四技3年1班,林宇翔,11135430,林雅萍 副教授,體育競賽,全國大專游泳錦標賽,女子 200 公尺混合式,第一名,11000,已完成撥款,2026-08-14,2026-10-30,國立屏東高級中學,https://drive.google.com/file/d/fy-award-proof-325/view,榮獲第一名，展現輔英科技大學護理學院長期照顧學位學程師生優異研發與專業實力。,,,,,,,,
326,115學年度,114-4行政會議,人文與管理學院,休閒與遊憩事業管理系,五專3年1班,蕭奉儀、游智凱,11380239,張哲銘 教授,國內競賽,高雄市大專青年盃社會創新提案,社區高齡健康促進與營養膳食推廣,特優,10000,已完成撥款,2026-08-21,2026-10-17,國立屏東高級中學,https://www.fooyin.edu.tw/news/detail/1326,榮獲特優，展現輔英科技大學人文與管理學院休閒與遊憩事業管理系師生優異研發與專業實力。,,,,,,,,
327,113學年度,114-4行政會議,人文與管理學院,資訊管理系,四技4年1班,鄭羽婷,11251222,張哲銘 教授,體育競賽,全國大專游泳錦標賽,女子 200 公尺混合式,第一名,8000,已線上簽領,2026-08-17,2026-10-26,高雄市立瑞祥高級中學,https://drive.google.com/file/d/fy-award-proof-327/view,榮獲第一名，展現輔英科技大學人文與管理學院資訊管理系師生優異研發與專業實力。,,,,,,,,
328,114學年度,113-8行政會議,跨學院/校隊,輔英運動代表隊,五專5年1班,張家豪,11122137,鄭淑芬 教授,特殊優良事蹟,教育部大專優秀青年選拔,全國大專優秀青年代表榮譽,全國大專優秀青年,13000,已完成撥款,2026-08-14,2026-10-21,國立臺南第一高級中學,https://drive.google.com/file/d/fy-award-proof-328/view,榮獲全國大專優秀青年，展現輔英科技大學跨學院/校隊輔英運動代表隊師生優異研發與專業實力。,,,,,,,,
329,115學年度,115-1行政會議,環境與生命學院,生物科技系,五專5年1班,吳冠霖、郭威廷,11114791,鄭淑芬 教授,專業證照,勞動部技能檢定,美容甲級技術士專業證照,甲級證照,6000,待通知,,2026-10-16,高雄市立前鎮高級中學,https://drive.google.com/file/d/fy-award-proof-329/view,榮獲甲級證照，展現輔英科技大學環境與生命學院生物科技系師生優異研發與專業實力。,,,,,,,,
330,113學年度,114-4行政會議,人文與管理學院,幼兒保育系,五專4年2班,蕭奉儀,11185701,黃宗賢 教授,國內競賽,臺灣大專院校醫技專題學術研討會,新型抗藥性細菌快速檢測晶片開發,佳作,6000,通知已發送,2026-08-18,2026-10-25,中山工商,https://drive.google.com/file/d/fy-award-proof-330/view,榮獲佳作，展現輔英科技大學人文與管理學院幼兒保育系師生優異研發與專業實力。,,,,,,,,
331,113學年度,114-2行政會議,醫學與健康學院,物理治療系,四技2年2班,吳冠霖,11181110,林雅萍 副教授,特殊優良事蹟,高雄市青年局志工服務楷模,高齡社區義診與健康宣導服務隊,卓越志工獎,10000,待通知,,2026-10-24,國立潮州高級中學,https://www.fooyin.edu.tw/news/detail/1331,榮獲卓越志工獎，展現輔英科技大學醫學與健康學院物理治療系師生優異研發與專業實力。,,,,,,,,
332,113學年度,114-2行政會議,跨學院/校隊,輔英運動代表隊,進二技2年1班,郭威廷,11171700,張哲銘 教授,國際競賽,美國IEEE國際生醫工程競賽,AI影像輔助診斷與檢驗系統,銅牌,10000,待通知,,2026-10-27,國立屏東高級中學,https://drive.google.com/file/d/fy-award-proof-332/view,榮獲銅牌，展現輔英科技大學跨學院/校隊輔英運動代表隊師生優異研發與專業實力。,,,,,,,,
333,115學年度,校務會議紀錄,人文與管理學院,應用外語系,四技2年2班,曾智捷,11397932,李佳蓉 副教授,專業證照,勞動部技能檢定,美容甲級技術士專業證照,甲級證照,7000,待通知,,2026-10-29,國立鳳山高級中學,https://drive.google.com/file/d/fy-award-proof-333/view,榮獲甲級證照，展現輔英科技大學人文與管理學院應用外語系師生優異研發與專業實力。,,,,,,,,
334,115學年度,校務會議紀錄,人文與管理學院,休閒與遊憩事業管理系,四技1年1班,楊晨欣、莊浩宇、賴威任,11234032,林雅萍 副教授,體育競賽,全國大專游泳錦標賽,女子 200 公尺混合式,第一名,11000,待通知,,2026-10-30,國立鳳山高級中學,https://drive.google.com/file/d/fy-award-proof-334/view,榮獲第一名，展現輔英科技大學人文與管理學院休閒與遊憩事業管理系師生優異研發與專業實力。,,,,,,,,
335,114學年度,113-5行政會議,環境與生命學院,生物科技系,五專5年1班,宋尚霖,11324022,林雅萍 副教授,特殊優良事蹟,教育部大專優秀青年選拔,全國大專優秀青年代表榮譽,全國大專優秀青年,12000,已線上簽領,2026-08-22,2026-10-28,高雄市立中山高級中學,https://drive.google.com/file/d/fy-award-proof-335/view,榮獲全國大專優秀青年，展現輔英科技大學環境與生命學院生物科技系師生優異研發與專業實力。,,,,,,,,
336,115學年度,113-5行政會議,人文與管理學院,休閒與遊憩事業管理系,五專4年2班,韓承翰,11284345,林雅萍 副教授,特殊優良事蹟,教育部青年署青聚點地方創生計畫,偏鄉長者健康關懷與社會實踐服務,績優團隊,13000,已線上簽領,2026-08-12,2026-10-30,國立鳳山高級中學,https://drive.google.com/file/d/fy-award-proof-336/view,榮獲績優團隊，展現輔英科技大學人文與管理學院休閒與遊憩事業管理系師生優異研發與專業實力。,,,,,,,,
337,114學年度,114-4行政會議,跨學院/校隊,全校跨領域團隊,碩士班1年級,宋尚霖,11188415,李佳蓉 副教授,特殊優良事蹟,輔英科技大學校友會優秀學生獎學金,學業與服務特殊優良表現,特優獎學金,12000,已線上簽領,2026-08-11,2026-10-17,高雄市立中山高級中學,https://drive.google.com/file/d/fy-award-proof-337/view,榮獲特優獎學金，展現輔英科技大學跨學院/校隊全校跨領域團隊師生優異研發與專業實力。,,,,,,,,
338,115學年度,校務會議紀錄,護理學院,護理系,五專5年1班,呂宗翰,11290684,鄭淑芬 教授,國內競賽,教育部全國大專校院創新創業競賽,循環經濟與生物基機能性產品開發,冠軍,17000,通知已發送,2026-08-19,2026-10-28,樹德家商,https://drive.google.com/file/d/fy-award-proof-338/view,榮獲冠軍，展現輔英科技大學護理學院護理系師生優異研發與專業實力。,,,,,,,,
339,114學年度,113-3行政會議,跨學院/校隊,全校跨領域團隊,進二技2年1班,郭威廷,11218180,林雅萍 副教授,特殊優良事蹟,教育部大專優秀青年選拔,全國大專優秀青年代表榮譽,全國大專優秀青年,10000,已線上簽領,2026-08-21,2026-10-18,輔英科技大學附設附中,https://drive.google.com/file/d/fy-award-proof-339/view,榮獲全國大專優秀青年，展現輔英科技大學跨學院/校隊全校跨領域團隊師生優異研發與專業實力。,,,,,,,,
340,113學年度,114-6行政會議,跨學院/校隊,輔英運動代表隊,四技3年1班,宋尚霖、羅佳蓉,11281449,陳秀美 助理教授,國內競賽,全國大專校院資訊應用創新競賽,醫療院所智慧排班與物料管理系統,亞軍,11000,通知已發送,2026-08-22,2026-10-26,國立臺南第二高級中學,https://www.fooyin.edu.tw/news/detail/1340,榮獲亞軍，展現輔英科技大學跨學院/校隊輔英運動代表隊師生優異研發與專業實力。,,,,,,,,
341,115學年度,113-5行政會議,醫學與健康學院,醫學檢驗生物技術系,五專4年2班,楊晨欣、方冠華,11367243,王建智 教授,國際競賽,首爾國際發明展,高齡化智慧護理輔助照護裝置,銀牌,18000,已完成撥款,2026-08-23,2026-10-20,高雄市立瑞祥高級中學,https://drive.google.com/file/d/fy-award-proof-341/view,榮獲銀牌，展現輔英科技大學醫學與健康學院醫學檢驗生物技術系師生優異研發與專業實力。,,,,,,,,
342,115學年度,114-9行政會議,人文與管理學院,應用外語系,四技1年1班,陳雅婷,11375294,陳秀美 助理教授,特殊優良事蹟,高雄市青年局志工服務楷模,高齡社區義診與健康宣導服務隊,卓越志工獎,11000,已完成撥款,2026-08-28,2026-10-26,高雄市立高雄女子高級中學,https://drive.google.com/file/d/fy-award-proof-342/view,榮獲卓越志工獎，展現輔英科技大學人文與管理學院應用外語系師生優異研發與專業實力。,,,,,,,,
343,115學年度,114-9行政會議,環境與生命學院,環境工程與科學系,碩士班1年級,蔡詩涵、楊晨欣、江佩君,11277757,李佳蓉 副教授,特殊優良事蹟,國際紅十字會救護志工表揚,急救醫療服務與特殊貢獻,急救楷模,6000,通知已發送,2026-08-12,2026-10-24,國立潮州高級中學,https://www.fooyin.edu.tw/news/detail/1343,榮獲急救楷模，展現輔英科技大學環境與生命學院環境工程與科學系師生優異研發與專業實力。,,,,,,,,
344,114學年度,115-1行政會議,護理學院,高齡全程照顧視導學士學位學程,碩士班1年級,薛紫晴,11353452,劉國強 教授,體育競賽,全國大專校院排球聯賽 (UVL),公開二級女子排球錦標賽,亞軍,12000,通知已發送,2026-08-19,2026-10-23,高雄市立高雄女子高級中學,https://drive.google.com/file/d/fy-award-proof-344/view,榮獲亞軍，展現輔英科技大學護理學院高齡全程照顧視導學士學位學程師生優異研發與專業實力。,,,,,,,,
345,115學年度,113-5行政會議,跨學院/校隊,全校跨領域團隊,四技2年2班,林宇翔、呂宗翰,11220814,王建智 教授,特殊優良事蹟,教育部大專優秀青年選拔,全國大專優秀青年代表榮譽,全國大專優秀青年,12000,通知已發送,2026-08-18,2026-10-23,輔英科技大學附設附中,https://www.fooyin.edu.tw/news/detail/1345,榮獲全國大專優秀青年，展現輔英科技大學跨學院/校隊全校跨領域團隊師生優異研發與專業實力。,,,,,,,,
346,113學年度,115-3行政會議,醫學與健康學院,健康美容系,五專5年1班,賴威任、謝佩珊,11240958,鄭淑芬 教授,國內競賽,高雄市大專青年盃社會創新提案,社區高齡健康促進與營養膳食推廣,特優,8000,通知已發送,2026-08-12,2026-10-19,國立潮州高級中學,https://drive.google.com/file/d/fy-award-proof-346/view,榮獲特優，展現輔英科技大學醫學與健康學院健康美容系師生優異研發與專業實力。,,,,,,,,
347,113學年度,114-9行政會議,人文與管理學院,休閒與遊憩事業管理系,四技1年1班,劉彥宏、彭思涵,11355229,張哲銘 教授,體育競賽,全國大專院校運動會 (全大運),公開女子組田徑 400 公尺接力,金牌,10000,通知已發送,2026-08-22,2026-10-30,輔英科技大學附設附中,https://drive.google.com/file/d/fy-award-proof-347/view,榮獲金牌，展現輔英科技大學人文與管理學院休閒與遊憩事業管理系師生優異研發與專業實力。,,,,,,,,
348,115學年度,113-8行政會議,人文與管理學院,休閒與遊憩事業管理系,碩士班1年級,韓承翰,11147852,鄭淑芬 教授,專業證照,考選部物理治療師國家考試,物理治療師考照通過,考照通過,10000,已線上簽領,2026-08-11,2026-10-18,國立岡山高級中學,https://drive.google.com/file/d/fy-award-proof-348/view,榮獲考照通過，展現輔英科技大學人文與管理學院休閒與遊憩事業管理系師生優異研發與專業實力。,,,,,,,,
349,114學年度,115-3行政會議,環境與生命學院,生物科技系,四技2年2班,吳冠霖,11295766,劉國強 教授,專業證照,考選部醫事檢驗師國家考試,醫事檢驗師國家證照通過,考照通過,10000,已完成撥款,2026-08-26,2026-10-25,高雄市立前鎮高級中學,https://drive.google.com/file/d/fy-award-proof-349/view,榮獲考照通過，展現輔英科技大學環境與生命學院生物科技系師生優異研發與專業實力。,,,,,,,,
350,113學年度,114-4行政會議,跨學院/校隊,全校跨領域團隊,五專3年1班,陳雅婷、唐千惠,11178847,李佳蓉 副教授,專業證照,考選部物理治療師國家考試,物理治療師考照通過,考照通過,6000,已線上簽領,2026-08-18,2026-10-21,高雄市立高雄女子高級中學,https://www.fooyin.edu.tw/news/detail/1350,榮獲考照通過，展現輔英科技大學跨學院/校隊全校跨領域團隊師生優異研發與專業實力。,,,,,,,,
351,113學年度,113-1行政會議,跨學院/校隊,創新創業培訓隊,四技1年1班,鄭羽婷、蔡詩涵、郭威廷,11296034,王建智 教授,國際競賽,首爾國際發明展,高齡化智慧護理輔助照護裝置,銀牌,17000,通知已發送,2026-08-12,2026-10-29,輔英科技大學附設附中,https://drive.google.com/file/d/fy-award-proof-351/view,榮獲銀牌，展現輔英科技大學跨學院/校隊創新創業培訓隊師生優異研發與專業實力。,,,,,,,,
352,115學年度,校務會議紀錄,環境與生命學院,生物科技系,五專5年1班,江佩君、黃怡君,11260933,林雅萍 副教授,國際競賽,日本東京國際發明展,綠色永續水質微藻淨化技術,金牌,22000,通知已發送,2026-08-12,2026-10-30,高雄市立中山高級中學,https://drive.google.com/file/d/fy-award-proof-352/view,榮獲金牌，展現輔英科技大學環境與生命學院生物科技系師生優異研發與專業實力。,,,,,,,,
353,113學年度,校務會議紀錄,人文與管理學院,幼兒保育系,五專5年1班,韓承翰,11190473,李佳蓉 副教授,專業證照,考選部物理治療師國家考試,物理治療師考照通過,考照通過,5000,待通知,,2026-10-17,國立潮州高級中學,https://drive.google.com/file/d/fy-award-proof-353/view,榮獲考照通過，展現輔英科技大學人文與管理學院幼兒保育系師生優異研發與專業實力。,,,,,,,,
354,114學年度,113-1行政會議,人文與管理學院,資訊管理系,五專3年1班,羅佳蓉、江佩君、楊晨欣,11353231,劉國強 教授,特殊優良事蹟,教育部大專優秀青年選拔,全國大專優秀青年代表榮譽,全國大專優秀青年,15000,已線上簽領,2026-08-25,2026-10-30,國立臺南第二高級中學,https://drive.google.com/file/d/fy-award-proof-354/view,榮獲全國大專優秀青年，展現輔英科技大學人文與管理學院資訊管理系師生優異研發與專業實力。,,,,,,,,
355,115學年度,113-3行政會議,跨學院/校隊,全校跨領域團隊,五專3年1班,薛紫晴,11184349,林雅萍 副教授,體育競賽,全國大專校院排球聯賽 (UVL),公開二級女子排球錦標賽,亞軍,13000,待通知,,2026-10-17,國立臺南第一高級中學,https://drive.google.com/file/d/fy-award-proof-355/view,榮獲亞軍，展現輔英科技大學跨學院/校隊全校跨領域團隊師生優異研發與專業實力。,,,,,,,,
356,114學年度,113-3行政會議,人文與管理學院,應用外語系,四技1年1班,張家豪,11296603,陳秀美 助理教授,體育競賽,全國大專游泳錦標賽,女子 200 公尺混合式,第一名,8000,已線上簽領,2026-08-21,2026-10-30,國立鳳山高級中學,https://drive.google.com/file/d/fy-award-proof-356/view,榮獲第一名，展現輔英科技大學人文與管理學院應用外語系師生優異研發與專業實力。,,,,,,,,
357,114學年度,學校公開官方網站,醫學與健康學院,物理治療系,五專3年1班,葉馨文,11260956,李佳蓉 副教授,特殊優良事蹟,高雄市青年局志工服務楷模,高齡社區義診與健康宣導服務隊,卓越志工獎,11000,已線上簽領,2026-08-24,2026-10-15,高雄市立高雄女子高級中學,https://drive.google.com/file/d/fy-award-proof-357/view,榮獲卓越志工獎，展現輔英科技大學醫學與健康學院物理治療系師生優異研發與專業實力。,,,,,,,,
358,114學年度,學校公開官方網站,護理學院,高齡全程照顧視導學士學位學程,五專4年2班,鍾名翔,11380328,王建智 教授,特殊優良事蹟,教育部青年署青聚點地方創生計畫,偏鄉長者健康關懷與社會實踐服務,績優團隊,12000,待通知,,2026-10-19,高雄市立瑞祥高級中學,https://drive.google.com/file/d/fy-award-proof-358/view,榮獲績優團隊，展現輔英科技大學護理學院高齡全程照顧視導學士學位學程師生優異研發與專業實力。,,,,,,,,
359,114學年度,115-3行政會議,護理學院,護理系,五專5年1班,黃怡君,11222752,鄭淑芬 教授,特殊優良事蹟,教育部青年署青聚點地方創生計畫,偏鄉長者健康關懷與社會實踐服務,績優團隊,17000,待通知,,2026-10-18,國立鳳山高級中學,https://drive.google.com/file/d/fy-award-proof-359/view,榮獲績優團隊，展現輔英科技大學護理學院護理系師生優異研發與專業實力。,,,,,,,,
360,115學年度,113-8行政會議,護理學院,護理系,四技4年1班,宋尚霖,11225833,王建智 教授,體育競賽,全國大專校院羽球錦標賽,混合雙打組,冠軍,8000,已線上簽領,2026-08-20,2026-10-17,國立鳳山高級中學,https://www.fooyin.edu.tw/news/detail/1360,榮獲冠軍，展現輔英科技大學護理學院護理系師生優異研發與專業實力。,,,,,,,,
361,114學年度,113-5行政會議,環境與生命學院,應用化學及材料科學系,碩士班1年級,張家豪,11123102,劉國強 教授,國內競賽,全國技專校院學生實務專題製作競賽,智慧長期照護創新與臨床應用專題,第一名,15000,待通知,,2026-10-15,國立屏東高級中學,https://drive.google.com/file/d/fy-award-proof-361/view,榮獲第一名，展現輔英科技大學環境與生命學院應用化學及材料科學系師生優異研發與專業實力。,,,,,,,,
362,115學年度,校務會議紀錄,跨學院/校隊,輔英運動代表隊,四技4年1班,薛紫晴、郭威廷,11128754,黃宗賢 教授,特殊優良事蹟,輔英科技大學校友會優秀學生獎學金,學業與服務特殊優良表現,特優獎學金,13000,通知已發送,2026-08-15,2026-10-16,國立潮州高級中學,https://www.fooyin.edu.tw/news/detail/1362,榮獲特優獎學金，展現輔英科技大學跨學院/校隊輔英運動代表隊師生優異研發與專業實力。,,,,,,,,
363,114學年度,115-3行政會議,護理學院,長期照顧學位學程,四技2年2班,陳雅婷,11340885,陳秀美 助理教授,國際競賽,日內瓦國際發明展,銀髮族急救安全監測穿戴裝置,特優,18000,已線上簽領,2026-08-27,2026-10-22,高雄市立瑞祥高級中學,https://drive.google.com/file/d/fy-award-proof-363/view,榮獲特優，展現輔英科技大學護理學院長期照顧學位學程師生優異研發與專業實力。,,,,,,,,
364,115學年度,113-8行政會議,環境與生命學院,環境工程與科學系,四技1年1班,楊晨欣,11372182,鄭淑芬 教授,國內競賽,教育部全國大專校院創新創業競賽,循環經濟與生物基機能性產品開發,冠軍,15000,待通知,,2026-10-26,輔英科技大學附設附中,https://www.fooyin.edu.tw/news/detail/1364,榮獲冠軍，展現輔英科技大學環境與生命學院環境工程與科學系師生優異研發與專業實力。,,,,,,,,
365,114學年度,114-4行政會議,跨學院/校隊,輔英運動代表隊,五專3年1班,黃怡君,11333053,王建智 教授,國際競賽,美國IEEE國際生醫工程競賽,AI影像輔助診斷與檢驗系統,銅牌,15000,待通知,,2026-10-22,樹德家商,https://drive.google.com/file/d/fy-award-proof-365/view,榮獲銅牌，展現輔英科技大學跨學院/校隊輔英運動代表隊師生優異研發與專業實力。,,,,,,,,
366,115學年度,114-4行政會議,人文與管理學院,資訊管理系,四技3年1班,鄭羽婷,11239855,李佳蓉 副教授,國內競賽,全國大專校院資訊應用創新競賽,醫療院所智慧排班與物料管理系統,亞軍,11000,通知已發送,2026-08-17,2026-10-17,高雄市立瑞祥高級中學,https://drive.google.com/file/d/fy-award-proof-366/view,榮獲亞軍，展現輔英科技大學人文與管理學院資訊管理系師生優異研發與專業實力。,,,,,,,,
367,113學年度,114-6行政會議,醫學與健康學院,物理治療系,碩士班1年級,賴威任,11169996,陳秀美 助理教授,體育競賽,全國大專校院排球聯賽 (UVL),公開二級女子排球錦標賽,亞軍,11000,通知已發送,2026-08-11,2026-10-16,輔英科技大學附設附中,https://www.fooyin.edu.tw/news/detail/1367,榮獲亞軍，展現輔英科技大學醫學與健康學院物理治療系師生優異研發與專業實力。,,,,,,,,
368,114學年度,114-9行政會議,人文與管理學院,資訊管理系,四技3年1班,呂宗翰,11330550,王建智 教授,特殊優良事蹟,國際紅十字會救護志工表揚,急救醫療服務與特殊貢獻,急救楷模,7000,待通知,,2026-10-30,高雄市立中山高級中學,https://drive.google.com/file/d/fy-award-proof-368/view,榮獲急救楷模，展現輔英科技大學人文與管理學院資訊管理系師生優異研發與專業實力。,,,,,,,,
369,114學年度,114-2行政會議,護理學院,長期照顧學位學程,四技4年1班,葉馨文、游智凱,11285951,陳秀美 助理教授,特殊優良事蹟,教育部青年署青聚點地方創生計畫,偏鄉長者健康關懷與社會實踐服務,績優團隊,17000,已完成撥款,2026-08-23,2026-10-16,高雄市立高雄女子高級中學,https://drive.google.com/file/d/fy-award-proof-369/view,榮獲績優團隊，展現輔英科技大學護理學院長期照顧學位學程師生優異研發與專業實力。,,,,,,,,
370,115學年度,115-1行政會議,護理學院,高齡全程照顧視導學士學位學程,進二技2年1班,吳冠霖,11274918,陳秀美 助理教授,國際競賽,日內瓦國際發明展,銀髮族急救安全監測穿戴裝置,特優,18000,已線上簽領,2026-08-23,2026-10-21,國立屏東高級中學,https://drive.google.com/file/d/fy-award-proof-370/view,榮獲特優，展現輔英科技大學護理學院高齡全程照顧視導學士學位學程師生優異研發與專業實力。,,,,,,,,
371,113學年度,校務會議紀錄,護理學院,護理系,碩士班1年級,劉彥宏、鍾名翔,11386501,張哲銘 教授,專業證照,行政院環保署廢水處理專責人員,甲級廢水處理專責人員合格證書,甲級證照,7000,已完成撥款,2026-08-22,2026-10-20,中山工商,https://drive.google.com/file/d/fy-award-proof-371/view,榮獲甲級證照，展現輔英科技大學護理學院護理系師生優異研發與專業實力。,,,,,,,,
372,115學年度,114-9行政會議,護理學院,長期照顧學位學程,五專4年2班,簡雅雯,11314287,黃宗賢 教授,專業證照,考選部物理治療師國家考試,物理治療師考照通過,考照通過,10000,已線上簽領,2026-08-16,2026-10-17,國立潮州高級中學,https://drive.google.com/file/d/fy-award-proof-372/view,榮獲考照通過，展現輔英科技大學護理學院長期照顧學位學程師生優異研發與專業實力。,,,,,,,,
373,115學年度,113-1行政會議,跨學院/校隊,創新創業培訓隊,四技3年1班,鄭羽婷、羅佳蓉,11270994,張哲銘 教授,體育競賽,全國大專校院排球聯賽 (UVL),公開二級女子排球錦標賽,亞軍,11000,已線上簽領,2026-08-12,2026-10-21,國立屏東高級中學,https://drive.google.com/file/d/fy-award-proof-373/view,榮獲亞軍，展現輔英科技大學跨學院/校隊創新創業培訓隊師生優異研發與專業實力。,,,,,,,,
374,113學年度,115-1行政會議,護理學院,長期照顧學位學程,碩士班1年級,彭思涵、蘇健銘,11256230,黃宗賢 教授,特殊優良事蹟,輔英科技大學校友會優秀學生獎學金,學業與服務特殊優良表現,特優獎學金,12000,待通知,,2026-10-26,國立臺南第一高級中學,https://drive.google.com/file/d/fy-award-proof-374/view,榮獲特優獎學金，展現輔英科技大學護理學院長期照顧學位學程師生優異研發與專業實力。,,,,,,,,
375,115學年度,115-1行政會議,護理學院,高齡全程照顧視導學士學位學程,進二技2年1班,呂宗翰、董宜蓁,11358253,李佳蓉 副教授,國內競賽,全國大專校院資訊應用創新競賽,醫療院所智慧排班與物料管理系統,亞軍,10000,待通知,,2026-10-20,輔英科技大學附設附中,https://drive.google.com/file/d/fy-award-proof-375/view,榮獲亞軍，展現輔英科技大學護理學院高齡全程照顧視導學士學位學程師生優異研發與專業實力。,,,,,,,,
376,113學年度,113-3行政會議,醫學與健康學院,醫學影像暨放射科學系,五專4年2班,方冠華、楊晨欣,11178247,張哲銘 教授,體育競賽,全國大專游泳錦標賽,女子 200 公尺混合式,第一名,13000,已完成撥款,2026-08-25,2026-10-26,國立臺南第二高級中學,https://drive.google.com/file/d/fy-award-proof-376/view,榮獲第一名，展現輔英科技大學醫學與健康學院醫學影像暨放射科學系師生優異研發與專業實力。,,,,,,,,
377,115學年度,113-1行政會議,環境與生命學院,應用化學及材料科學系,五專4年2班,蘇健銘,11394498,林雅萍 副教授,專業證照,勞動部技能檢定,美容甲級技術士專業證照,甲級證照,8000,已線上簽領,2026-08-20,2026-10-30,國立潮州高級中學,https://drive.google.com/file/d/fy-award-proof-377/view,榮獲甲級證照，展現輔英科技大學環境與生命學院應用化學及材料科學系師生優異研發與專業實力。,,,,,,,,
378,115學年度,115-1行政會議,人文與管理學院,休閒與遊憩事業管理系,四技2年2班,蕭奉儀,11144079,陳秀美 助理教授,專業證照,考選部物理治療師國家考試,物理治療師考照通過,考照通過,7000,已完成撥款,2026-08-11,2026-10-19,國立臺南第一高級中學,https://www.fooyin.edu.tw/news/detail/1378,榮獲考照通過，展現輔英科技大學人文與管理學院休閒與遊憩事業管理系師生優異研發與專業實力。,,,,,,,,
379,113學年度,115-3行政會議,醫學與健康學院,保健營養系,進二技2年1班,謝佩珊,11397340,王建智 教授,國內競賽,教育部全國大專校院創新創業競賽,循環經濟與生物基機能性產品開發,冠軍,15000,待通知,,2026-10-25,國立潮州高級中學,https://www.fooyin.edu.tw/news/detail/1379,榮獲冠軍，展現輔英科技大學醫學與健康學院保健營養系師生優異研發與專業實力。,,,,,,,,
380,114學年度,114-4行政會議,醫學與健康學院,物理治療系,進二技2年1班,游智凱、柯建宏,11158878,鄭淑芬 教授,特殊優良事蹟,教育部青年署青聚點地方創生計畫,偏鄉長者健康關懷與社會實踐服務,績優團隊,17000,通知已發送,2026-08-10,2026-10-27,高雄市立瑞祥高級中學,https://drive.google.com/file/d/fy-award-proof-380/view,榮獲績優團隊，展現輔英科技大學醫學與健康學院物理治療系師生優異研發與專業實力。,,,,,,,,
381,114學年度,114-4行政會議,醫學與健康學院,醫學檢驗生物技術系,進二技2年1班,簡雅雯、呂宗翰、薛紫晴,11285199,王建智 教授,特殊優良事蹟,輔英科技大學校友會優秀學生獎學金,學業與服務特殊優良表現,特優獎學金,12000,已線上簽領,2026-08-25,2026-10-16,國立屏東高級中學,https://drive.google.com/file/d/fy-award-proof-381/view,榮獲特優獎學金，展現輔英科技大學醫學與健康學院醫學檢驗生物技術系師生優異研發與專業實力。,,,,,,,,
382,113學年度,114-2行政會議,護理學院,高齡全程照顧視導學士學位學程,四技1年1班,蔡詩涵,11217213,陳秀美 助理教授,特殊優良事蹟,國際紅十字會救護志工表揚,急救醫療服務與特殊貢獻,急救楷模,7000,已完成撥款,2026-08-18,2026-10-21,高雄市立高雄女子高級中學,https://www.fooyin.edu.tw/news/detail/1382,榮獲急救楷模，展現輔英科技大學護理學院高齡全程照顧視導學士學位學程師生優異研發與專業實力。,,,,,,,,
383,114學年度,校務會議紀錄,護理學院,長期照顧學位學程,四技4年1班,游智凱,11389308,張哲銘 教授,體育競賽,全國大專游泳錦標賽,女子 200 公尺混合式,第一名,9000,已線上簽領,2026-08-23,2026-10-26,國立臺南第二高級中學,https://drive.google.com/file/d/fy-award-proof-383/view,榮獲第一名，展現輔英科技大學護理學院長期照顧學位學程師生優異研發與專業實力。,,,,,,,,
384,114學年度,114-4行政會議,環境與生命學院,生物科技系,碩士班1年級,蔡詩涵、彭思涵,11368224,劉國強 教授,專業證照,考選部物理治療師國家考試,物理治療師考照通過,考照通過,6000,已完成撥款,2026-08-23,2026-10-28,國立屏東高級中學,https://drive.google.com/file/d/fy-award-proof-384/view,榮獲考照通過，展現輔英科技大學環境與生命學院生物科技系師生優異研發與專業實力。,,,,,,,,
385,115學年度,113-3行政會議,醫學與健康學院,物理治療系,四技2年2班,簡雅雯,11187421,劉國強 教授,國際競賽,德國iF設計獎 / 國際發明展,智慧型室內CO₂捕集與探測系統,金牌,23000,已線上簽領,2026-08-18,2026-10-28,國立屏東高級中學,https://drive.google.com/file/d/fy-award-proof-385/view,榮獲金牌，展現輔英科技大學醫學與健康學院物理治療系師生優異研發與專業實力。,,,,,,,,
386,115學年度,115-3行政會議,醫學與健康學院,物理治療系,五專5年1班,呂宗翰、方冠華,11149582,黃宗賢 教授,專業證照,勞動部技能檢定,美容甲級技術士專業證照,甲級證照,9000,通知已發送,2026-08-10,2026-10-19,輔英科技大學附設附中,https://drive.google.com/file/d/fy-award-proof-386/view,榮獲甲級證照，展現輔英科技大學醫學與健康學院物理治療系師生優異研發與專業實力。,,,,,,,,
387,115學年度,校務會議紀錄,人文與管理學院,幼兒保育系,四技2年2班,方冠華,11394513,陳秀美 助理教授,國際競賽,德國iF設計獎 / 國際發明展,智慧型室內CO₂捕集與探測系統,金牌,22000,已線上簽領,2026-08-12,2026-10-26,國立潮州高級中學,https://drive.google.com/file/d/fy-award-proof-387/view,榮獲金牌，展現輔英科技大學人文與管理學院幼兒保育系師生優異研發與專業實力。,,,,,,,,
388,114學年度,114-2行政會議,人文與管理學院,幼兒保育系,四技3年1班,林宇翔,11231344,張哲銘 教授,國內競賽,臺灣大專院校醫技專題學術研討會,新型抗藥性細菌快速檢測晶片開發,佳作,8000,已完成撥款,2026-08-14,2026-10-26,國立屏東高級中學,https://www.fooyin.edu.tw/news/detail/1388,榮獲佳作，展現輔英科技大學人文與管理學院幼兒保育系師生優異研發與專業實力。,,,,,,,,
389,114學年度,114-6行政會議,環境與生命學院,環境工程與科學系,四技2年2班,許哲瑋,11335403,王建智 教授,國際競賽,日內瓦國際發明展,銀髮族急救安全監測穿戴裝置,特優,19000,已線上簽領,2026-08-20,2026-10-24,輔英科技大學附設附中,https://drive.google.com/file/d/fy-award-proof-389/view,榮獲特優，展現輔英科技大學環境與生命學院環境工程與科學系師生優異研發與專業實力。,,,,,,,,
390,115學年度,114-4行政會議,護理學院,長期照顧學位學程,四技3年1班,陳雅婷、郭威廷,11346885,林雅萍 副教授,專業證照,行政院環保署廢水處理專責人員,甲級廢水處理專責人員合格證書,甲級證照,8000,已完成撥款,2026-08-15,2026-10-18,高雄市立中山高級中學,https://www.fooyin.edu.tw/news/detail/1390,榮獲甲級證照，展現輔英科技大學護理學院長期照顧學位學程師生優異研發與專業實力。,,,,,,,,
391,113學年度,113-8行政會議,跨學院/校隊,創新創業培訓隊,進二技2年1班,鄭羽婷、唐千惠,11220013,李佳蓉 副教授,國內競賽,全國技專校院學生實務專題製作競賽,智慧長期照護創新與臨床應用專題,第一名,15000,通知已發送,2026-08-21,2026-10-19,高雄市立瑞祥高級中學,https://drive.google.com/file/d/fy-award-proof-391/view,榮獲第一名，展現輔英科技大學跨學院/校隊創新創業培訓隊師生優異研發與專業實力。,,,,,,,,
392,115學年度,115-1行政會議,環境與生命學院,應用化學及材料科學系,四技2年2班,鄭羽婷,11126870,王建智 教授,國內競賽,臺灣大專院校醫技專題學術研討會,新型抗藥性細菌快速檢測晶片開發,佳作,6000,通知已發送,2026-08-12,2026-10-28,樹德家商,https://drive.google.com/file/d/fy-award-proof-392/view,榮獲佳作，展現輔英科技大學環境與生命學院應用化學及材料科學系師生優異研發與專業實力。,,,,,,,,
393,113學年度,113-3行政會議,護理學院,高齡全程照顧視導學士學位學程,四技4年1班,吳冠霖,11196479,張哲銘 教授,專業證照,考選部專門職業及技術人員國考,護理師國家考試全國榜首與特優,榜首,17000,待通知,,2026-10-24,高雄市立前鎮高級中學,https://www.fooyin.edu.tw/news/detail/1393,榮獲榜首，展現輔英科技大學護理學院高齡全程照顧視導學士學位學程師生優異研發與專業實力。,,,,,,,,
394,113學年度,113-3行政會議,跨學院/校隊,全校跨領域團隊,四技1年1班,柯建宏,11121898,王建智 教授,體育競賽,大專校院跆拳道錦標賽,男子品勢個人組,銅牌,7000,通知已發送,2026-08-26,2026-10-22,國立岡山高級中學,https://drive.google.com/file/d/fy-award-proof-394/view,榮獲銅牌，展現輔英科技大學跨學院/校隊全校跨領域團隊師生優異研發與專業實力。,,,,,,,,
395,113學年度,115-3行政會議,護理學院,長期照顧學位學程,四技1年1班,呂宗翰、劉彥宏,11310567,李佳蓉 副教授,國內競賽,高雄市大專青年盃社會創新提案,社區高齡健康促進與營養膳食推廣,特優,11000,通知已發送,2026-08-28,2026-10-20,高雄市立瑞祥高級中學,https://drive.google.com/file/d/fy-award-proof-395/view,榮獲特優，展現輔英科技大學護理學院長期照顧學位學程師生優異研發與專業實力。,,,,,,,,
396,113學年度,113-5行政會議,環境與生命學院,職業安全衛生系,四技4年1班,蘇健銘,11224790,林雅萍 副教授,國際競賽,美國IEEE國際生醫工程競賽,AI影像輔助診斷與檢驗系統,銅牌,10000,已線上簽領,2026-08-25,2026-10-26,樹德家商,https://www.fooyin.edu.tw/news/detail/1396,榮獲銅牌，展現輔英科技大學環境與生命學院職業安全衛生系師生優異研發與專業實力。,,,,,,,,
397,115學年度,113-1行政會議,護理學院,高齡全程照顧視導學士學位學程,碩士班1年級,呂宗翰,11288694,黃宗賢 教授,專業證照,考選部醫事檢驗師國家考試,醫事檢驗師國家證照通過,考照通過,10000,已線上簽領,2026-08-23,2026-10-21,國立鳳山高級中學,https://drive.google.com/file/d/fy-award-proof-397/view,榮獲考照通過，展現輔英科技大學護理學院高齡全程照顧視導學士學位學程師生優異研發與專業實力。,,,,,,,,
398,114學年度,校務會議紀錄,環境與生命學院,應用化學及材料科學系,五專3年1班,方冠華、吳冠霖、宋尚霖,11278506,李佳蓉 副教授,國際競賽,首爾國際發明展,高齡化智慧護理輔助照護裝置,銀牌,18000,已線上簽領,2026-08-28,2026-10-18,樹德家商,https://drive.google.com/file/d/fy-award-proof-398/view,榮獲銀牌，展現輔英科技大學環境與生命學院應用化學及材料科學系師生優異研發與專業實力。,,,,,,,,
399,113學年度,113-3行政會議,環境與生命學院,應用化學及材料科學系,四技3年1班,宋尚霖,11140522,劉國強 教授,專業證照,考選部物理治療師國家考試,物理治療師考照通過,考照通過,10000,已線上簽領,2026-08-22,2026-10-26,高雄市立瑞祥高級中學,https://drive.google.com/file/d/fy-award-proof-399/view,榮獲考照通過，展現輔英科技大學環境與生命學院應用化學及材料科學系師生優異研發與專業實力。,,,,,,,,
400,114學年度,114-9行政會議,跨學院/校隊,輔英運動代表隊,五專5年1班,吳冠霖、鄭羽婷,11274138,鄭淑芬 教授,國內競賽,教育部全國大專校院創新創業競賽,循環經濟與生物基機能性產品開發,冠軍,15000,待通知,,2026-10-16,國立鳳山高級中學,https://drive.google.com/file/d/fy-award-proof-400/view,榮獲冠軍，展現輔英科技大學跨學院/校隊輔英運動代表隊師生優異研發與專業實力。,,,,,,,,
401,113學年度,113-5行政會議,人文與管理學院,應用外語系,五專5年1班,吳冠霖,11196649,鄭淑芬 教授,專業證照,考選部醫事檢驗師國家考試,醫事檢驗師國家證照通過,考照通過,7000,已線上簽領,2026-08-25,2026-10-23,國立岡山高級中學,https://drive.google.com/file/d/fy-award-proof-401/view,榮獲考照通過，展現輔英科技大學人文與管理學院應用外語系師生優異研發與專業實力。,,,,,,,,
402,115學年度,115-1行政會議,護理學院,護理系,四技4年1班,鄭羽婷、羅佳蓉,11251229,劉國強 教授,專業證照,行政院環保署廢水處理專責人員,甲級廢水處理專責人員合格證書,甲級證照,6000,待通知,,2026-10-24,樹德家商,https://www.fooyin.edu.tw/news/detail/1402,榮獲甲級證照，展現輔英科技大學護理學院護理系師生優異研發與專業實力。,,,,,,,,
403,114學年度,113-5行政會議,環境與生命學院,職業安全衛生系,碩士班1年級,方冠華、薛紫晴,11283695,王建智 教授,特殊優良事蹟,教育部大專優秀青年選拔,全國大專優秀青年代表榮譽,全國大專優秀青年,13000,通知已發送,2026-08-28,2026-10-27,國立潮州高級中學,https://drive.google.com/file/d/fy-award-proof-403/view,榮獲全國大專優秀青年，展現輔英科技大學環境與生命學院職業安全衛生系師生優異研發與專業實力。,,,,,,,,
404,114學年度,114-4行政會議,護理學院,護理系,五專3年1班,賴威任,11286541,張哲銘 教授,體育競賽,全國大專游泳錦標賽,女子 200 公尺混合式,第一名,8000,已線上簽領,2026-08-21,2026-10-28,國立臺南第一高級中學,https://www.fooyin.edu.tw/news/detail/1404,榮獲第一名，展現輔英科技大學護理學院護理系師生優異研發與專業實力。,,,,,,,,
405,113學年度,113-8行政會議,醫學與健康學院,保健營養系,四技2年2班,許哲瑋,11225003,林雅萍 副教授,國內競賽,全國技專校院學生實務專題製作競賽,智慧長期照護創新與臨床應用專題,第一名,17000,通知已發送,2026-08-24,2026-10-28,國立潮州高級中學,https://drive.google.com/file/d/fy-award-proof-405/view,榮獲第一名，展現輔英科技大學醫學與健康學院保健營養系師生優異研發與專業實力。,,,,,,,,
406,114學年度,114-2行政會議,護理學院,長期照顧學位學程,碩士班1年級,游智凱,11284757,劉國強 教授,體育競賽,大專校院跆拳道錦標賽,男子品勢個人組,銅牌,5000,已完成撥款,2026-08-13,2026-10-21,國立臺南第一高級中學,https://drive.google.com/file/d/fy-award-proof-406/view,榮獲銅牌，展現輔英科技大學護理學院長期照顧學位學程師生優異研發與專業實力。,,,,,,,,
407,115學年度,114-4行政會議,醫學與健康學院,健康美容系,四技2年2班,韓承翰,11175136,李佳蓉 副教授,特殊優良事蹟,教育部青年署青聚點地方創生計畫,偏鄉長者健康關懷與社會實踐服務,績優團隊,14000,通知已發送,2026-08-19,2026-10-27,中山工商,https://www.fooyin.edu.tw/news/detail/1407,榮獲績優團隊，展現輔英科技大學醫學與健康學院健康美容系師生優異研發與專業實力。,,,,,,,,
408,115學年度,113-3行政會議,跨學院/校隊,全校跨領域團隊,四技3年1班,薛紫晴,11237490,林雅萍 副教授,國際競賽,日本東京國際發明展,綠色永續水質微藻淨化技術,金牌,25000,已完成撥款,2026-08-23,2026-10-25,高雄市立中山高級中學,https://drive.google.com/file/d/fy-award-proof-408/view,榮獲金牌，展現輔英科技大學跨學院/校隊全校跨領域團隊師生優異研發與專業實力。,,,,,,,,
409,114學年度,115-3行政會議,跨學院/校隊,輔英運動代表隊,進二技2年1班,林宇翔,11377662,王建智 教授,特殊優良事蹟,輔英科技大學校友會優秀學生獎學金,學業與服務特殊優良表現,特優獎學金,11000,已線上簽領,2026-08-24,2026-10-23,高雄市立前鎮高級中學,https://drive.google.com/file/d/fy-award-proof-409/view,榮獲特優獎學金，展現輔英科技大學跨學院/校隊輔英運動代表隊師生優異研發與專業實力。,,,,,,,,
410,115學年度,114-6行政會議,跨學院/校隊,創新創業培訓隊,五專3年1班,賴威任,11229365,陳秀美 助理教授,國內競賽,臺灣大專院校醫技專題學術研討會,新型抗藥性細菌快速檢測晶片開發,佳作,8000,已線上簽領,2026-08-12,2026-10-21,國立臺南第二高級中學,https://www.fooyin.edu.tw/news/detail/1410,榮獲佳作，展現輔英科技大學跨學院/校隊創新創業培訓隊師生優異研發與專業實力。,,,,,,,,
411,114學年度,校務會議紀錄,醫學與健康學院,醫學影像暨放射科學系,四技1年1班,鄭羽婷,11135154,張哲銘 教授,國內競賽,臺灣大專院校醫技專題學術研討會,新型抗藥性細菌快速檢測晶片開發,佳作,8000,已線上簽領,2026-08-23,2026-10-28,高雄市立前鎮高級中學,https://drive.google.com/file/d/fy-award-proof-411/view,榮獲佳作，展現輔英科技大學醫學與健康學院醫學影像暨放射科學系師生優異研發與專業實力。,,,,,,,,
412,113學年度,113-5行政會議,環境與生命學院,應用化學及材料科學系,五專3年1班,江佩君,11382182,王建智 教授,國際競賽,美國IEEE國際生醫工程競賽,AI影像輔助診斷與檢驗系統,銅牌,10000,待通知,,2026-10-17,國立臺南第一高級中學,https://drive.google.com/file/d/fy-award-proof-412/view,榮獲銅牌，展現輔英科技大學環境與生命學院應用化學及材料科學系師生優異研發與專業實力。,,,,,,,,
413,113學年度,114-6行政會議,環境與生命學院,環境工程與科學系,四技4年1班,郭威廷、葉馨文、鄭羽婷,11375568,李佳蓉 副教授,特殊優良事蹟,國際紅十字會救護志工表揚,急救醫療服務與特殊貢獻,急救楷模,11000,通知已發送,2026-08-12,2026-10-22,國立潮州高級中學,https://www.fooyin.edu.tw/news/detail/1413,榮獲急救楷模，展現輔英科技大學環境與生命學院環境工程與科學系師生優異研發與專業實力。,,,,,,,,
414,114學年度,114-4行政會議,跨學院/校隊,創新創業培訓隊,四技4年1班,葉馨文、韓承翰,11128910,李佳蓉 副教授,國內競賽,教育部全國大專校院創新創業競賽,循環經濟與生物基機能性產品開發,冠軍,17000,已線上簽領,2026-08-18,2026-10-16,高雄市立瑞祥高級中學,https://drive.google.com/file/d/fy-award-proof-414/view,榮獲冠軍，展現輔英科技大學跨學院/校隊創新創業培訓隊師生優異研發與專業實力。,,,,,,,,
415,115學年度,113-3行政會議,環境與生命學院,職業安全衛生系,碩士班1年級,江佩君、楊晨欣,11272288,林雅萍 副教授,體育競賽,全國大專院校運動會 (全大運),公開女子組田徑 400 公尺接力,金牌,15000,待通知,,2026-10-16,樹德家商,https://drive.google.com/file/d/fy-award-proof-415/view,榮獲金牌，展現輔英科技大學環境與生命學院職業安全衛生系師生優異研發與專業實力。,,,,,,,,
416,115學年度,113-8行政會議,環境與生命學院,職業安全衛生系,四技2年2班,賴威任、鄭羽婷,11340983,鄭淑芬 教授,專業證照,考選部專門職業及技術人員國考,護理師國家考試全國榜首與特優,榜首,18000,已完成撥款,2026-08-18,2026-10-24,國立鳳山高級中學,https://drive.google.com/file/d/fy-award-proof-416/view,榮獲榜首，展現輔英科技大學環境與生命學院職業安全衛生系師生優異研發與專業實力。,,,,,,,,
417,113學年度,114-2行政會議,醫學與健康學院,物理治療系,碩士班1年級,唐千惠、張家豪,11220498,鄭淑芬 教授,專業證照,行政院環保署廢水處理專責人員,甲級廢水處理專責人員合格證書,甲級證照,8000,已線上簽領,2026-08-13,2026-10-20,樹德家商,https://www.fooyin.edu.tw/news/detail/1417,榮獲甲級證照，展現輔英科技大學醫學與健康學院物理治療系師生優異研發與專業實力。,,,,,,,,
418,113學年度,114-4行政會議,人文與管理學院,應用外語系,碩士班1年級,黃怡君、謝佩珊,11368117,王建智 教授,國際競賽,美國IEEE國際生醫工程競賽,AI影像輔助診斷與檢驗系統,銅牌,11000,已線上簽領,2026-08-20,2026-10-17,國立鳳山高級中學,https://www.fooyin.edu.tw/news/detail/1418,榮獲銅牌，展現輔英科技大學人文與管理學院應用外語系師生優異研發與專業實力。,,,,,,,,
419,115學年度,學校公開官方網站,醫學與健康學院,健康美容系,四技4年1班,游智凱、董宜蓁,11227499,黃宗賢 教授,國內競賽,高雄市大專青年盃社會創新提案,社區高齡健康促進與營養膳食推廣,特優,10000,已完成撥款,2026-08-16,2026-10-17,國立臺南第二高級中學,https://drive.google.com/file/d/fy-award-proof-419/view,榮獲特優，展現輔英科技大學醫學與健康學院健康美容系師生優異研發與專業實力。,,,,,,,,
420,114學年度,114-6行政會議,跨學院/校隊,全校跨領域團隊,五專3年1班,蘇健銘、蔡詩涵、鍾名翔,11144312,王建智 教授,國際競賽,美國IEEE國際生醫工程競賽,AI影像輔助診斷與檢驗系統,銅牌,15000,已線上簽領,2026-08-18,2026-10-19,國立鳳山高級中學,https://drive.google.com/file/d/fy-award-proof-420/view,榮獲銅牌，展現輔英科技大學跨學院/校隊全校跨領域團隊師生優異研發與專業實力。,,,,,,,,
421,113學年度,115-3行政會議,護理學院,護理系,進二技2年1班,鍾名翔,11374769,李佳蓉 副教授,國內競賽,教育部全國大專校院創新創業競賽,循環經濟與生物基機能性產品開發,冠軍,16000,已完成撥款,2026-08-18,2026-10-24,樹德家商,https://drive.google.com/file/d/fy-award-proof-421/view,榮獲冠軍，展現輔英科技大學護理學院護理系師生優異研發與專業實力。,,,,,,,,
422,113學年度,114-6行政會議,醫學與健康學院,健康美容系,四技1年1班,呂宗翰、曾智捷、唐千惠,11163546,王建智 教授,國際競賽,日本東京國際發明展,綠色永續水質微藻淨化技術,金牌,22000,通知已發送,2026-08-24,2026-10-22,國立臺南第一高級中學,https://drive.google.com/file/d/fy-award-proof-422/view,榮獲金牌，展現輔英科技大學醫學與健康學院健康美容系師生優異研發與專業實力。,,,,,,,,
423,115學年度,114-9行政會議,護理學院,護理系,碩士班1年級,游智凱,11362108,陳秀美 助理教授,專業證照,行政院環保署廢水處理專責人員,甲級廢水處理專責人員合格證書,甲級證照,11000,通知已發送,2026-08-13,2026-10-16,高雄市立高雄女子高級中學,https://drive.google.com/file/d/fy-award-proof-423/view,榮獲甲級證照，展現輔英科技大學護理學院護理系師生優異研發與專業實力。,,,,,,,,
424,113學年度,114-9行政會議,環境與生命學院,環境工程與科學系,五專3年1班,羅佳蓉,11261733,林雅萍 副教授,國內競賽,高雄市大專青年盃社會創新提案,社區高齡健康促進與營養膳食推廣,特優,8000,已線上簽領,2026-08-18,2026-10-20,國立岡山高級中學,https://drive.google.com/file/d/fy-award-proof-424/view,榮獲特優，展現輔英科技大學環境與生命學院環境工程與科學系師生優異研發與專業實力。,,,,,,,,
425,114學年度,114-9行政會議,醫學與健康學院,醫學檢驗生物技術系,四技3年1班,韓承翰、楊晨欣,11225314,林雅萍 副教授,國際競賽,首爾國際發明展,高齡化智慧護理輔助照護裝置,銀牌,18000,已完成撥款,2026-08-18,2026-10-26,國立臺南第二高級中學,https://www.fooyin.edu.tw/news/detail/1425,榮獲銀牌，展現輔英科技大學醫學與健康學院醫學檢驗生物技術系師生優異研發與專業實力。,,,,,,,,
426,114學年度,115-3行政會議,環境與生命學院,生物科技系,四技4年1班,游智凱、方冠華,11182833,鄭淑芬 教授,國際競賽,首爾國際發明展,高齡化智慧護理輔助照護裝置,銀牌,16000,待通知,,2026-10-20,高雄市立高雄女子高級中學,https://drive.google.com/file/d/fy-award-proof-426/view,榮獲銀牌，展現輔英科技大學環境與生命學院生物科技系師生優異研發與專業實力。,,,,,,,,
427,113學年度,學校公開官方網站,人文與管理學院,休閒與遊憩事業管理系,五專4年2班,方冠華、張家豪、董宜蓁,11283512,鄭淑芬 教授,專業證照,行政院環保署廢水處理專責人員,甲級廢水處理專責人員合格證書,甲級證照,6000,已完成撥款,2026-08-14,2026-10-18,國立臺南第一高級中學,https://www.fooyin.edu.tw/news/detail/1427,榮獲甲級證照，展現輔英科技大學人文與管理學院休閒與遊憩事業管理系師生優異研發與專業實力。,,,,,,,,
428,114學年度,113-5行政會議,醫學與健康學院,保健營養系,進二技2年1班,彭思涵、陳雅婷,11384814,王建智 教授,專業證照,考選部專門職業及技術人員國考,護理師國家考試全國榜首與特優,榜首,16000,已完成撥款,2026-08-13,2026-10-25,高雄市立高雄女子高級中學,https://www.fooyin.edu.tw/news/detail/1428,榮獲榜首，展現輔英科技大學醫學與健康學院保健營養系師生優異研發與專業實力。,,,,,,,,
429,115學年度,113-3行政會議,人文與管理學院,應用外語系,五專4年2班,楊晨欣、林宇翔,11170323,鄭淑芬 教授,專業證照,考選部物理治療師國家考試,物理治療師考照通過,考照通過,10000,已線上簽領,2026-08-20,2026-10-16,高雄市立前鎮高級中學,https://drive.google.com/file/d/fy-award-proof-429/view,榮獲考照通過，展現輔英科技大學人文與管理學院應用外語系師生優異研發與專業實力。,,,,,,,,
430,114學年度,114-4行政會議,跨學院/校隊,全校跨領域團隊,四技1年1班,呂宗翰、游智凱,11119269,劉國強 教授,國際競賽,美國IEEE國際生醫工程競賽,AI影像輔助診斷與檢驗系統,銅牌,12000,通知已發送,2026-08-22,2026-10-17,高雄市立高雄女子高級中學,https://drive.google.com/file/d/fy-award-proof-430/view,榮獲銅牌，展現輔英科技大學跨學院/校隊全校跨領域團隊師生優異研發與專業實力。,,,,,,,,
431,113學年度,114-6行政會議,人文與管理學院,應用外語系,五專5年1班,方冠華,11250645,王建智 教授,體育競賽,全國大專院校運動會 (全大運),公開女子組田徑 400 公尺接力,金牌,12000,已線上簽領,2026-08-25,2026-10-29,國立臺南第二高級中學,https://drive.google.com/file/d/fy-award-proof-431/view,榮獲金牌，展現輔英科技大學人文與管理學院應用外語系師生優異研發與專業實力。,,,,,,,,
432,115學年度,115-3行政會議,人文與管理學院,幼兒保育系,四技4年1班,謝佩珊、韓承翰,11365838,李佳蓉 副教授,國際競賽,日內瓦國際發明展,銀髮族急救安全監測穿戴裝置,特優,20000,已完成撥款,2026-08-17,2026-10-19,高雄市立瑞祥高級中學,https://drive.google.com/file/d/fy-award-proof-432/view,榮獲特優，展現輔英科技大學人文與管理學院幼兒保育系師生優異研發與專業實力。,,,,,,,,
433,115學年度,115-1行政會議,護理學院,高齡全程照顧視導學士學位學程,碩士班1年級,薛紫晴,11229478,王建智 教授,體育競賽,全國大專校院羽球錦標賽,混合雙打組,冠軍,13000,已線上簽領,2026-08-28,2026-10-16,國立岡山高級中學,https://www.fooyin.edu.tw/news/detail/1433,榮獲冠軍，展現輔英科技大學護理學院高齡全程照顧視導學士學位學程師生優異研發與專業實力。,,,,,,,,
434,113學年度,115-1行政會議,護理學院,長期照顧學位學程,四技4年1班,鍾名翔,11384511,黃宗賢 教授,體育競賽,全國大專校院排球聯賽 (UVL),公開二級女子排球錦標賽,亞軍,15000,待通知,,2026-10-15,國立鳳山高級中學,https://drive.google.com/file/d/fy-award-proof-434/view,榮獲亞軍，展現輔英科技大學護理學院長期照顧學位學程師生優異研發與專業實力。,,,,,,,,
435,114學年度,113-5行政會議,醫學與健康學院,營養與健康美容系,五專3年1班,蕭奉儀,11286966,鄭淑芬 教授,專業證照,勞動部技能檢定,美容甲級技術士專業證照,甲級證照,8000,通知已發送,2026-08-15,2026-10-21,國立屏東高級中學,https://www.fooyin.edu.tw/news/detail/1435,榮獲甲級證照，展現輔英科技大學醫學與健康學院營養與健康美容系師生優異研發與專業實力。,,,,,,,,
436,115學年度,114-2行政會議,護理學院,高齡全程照顧視導學士學位學程,進二技2年1班,宋尚霖,11111743,王建智 教授,專業證照,行政院環保署廢水處理專責人員,甲級廢水處理專責人員合格證書,甲級證照,9000,已完成撥款,2026-08-25,2026-10-24,國立潮州高級中學,https://drive.google.com/file/d/fy-award-proof-436/view,榮獲甲級證照，展現輔英科技大學護理學院高齡全程照顧視導學士學位學程師生優異研發與專業實力。,,,,,,,,
437,115學年度,114-4行政會議,人文與管理學院,應用外語系,五專4年2班,陳雅婷,11124668,張哲銘 教授,國內競賽,全國技專校院學生實務專題製作競賽,智慧長期照護創新與臨床應用專題,第一名,13000,已線上簽領,2026-08-14,2026-10-22,國立臺南第二高級中學,https://drive.google.com/file/d/fy-award-proof-437/view,榮獲第一名，展現輔英科技大學人文與管理學院應用外語系師生優異研發與專業實力。,,,,,,,,
438,115學年度,113-8行政會議,護理學院,高齡全程照顧視導學士學位學程,碩士班1年級,韓承翰,11125264,王建智 教授,國內競賽,全國大專校院資訊應用創新競賽,醫療院所智慧排班與物料管理系統,亞軍,13000,已線上簽領,2026-08-24,2026-10-22,高雄市立中山高級中學,https://www.fooyin.edu.tw/news/detail/1438,榮獲亞軍，展現輔英科技大學護理學院高齡全程照顧視導學士學位學程師生優異研發與專業實力。,,,,,,,,
439,114學年度,113-1行政會議,環境與生命學院,環境工程與科學系,五專4年2班,韓承翰、唐千惠,11285846,黃宗賢 教授,國際競賽,美國IEEE國際生醫工程競賽,AI影像輔助診斷與檢驗系統,銅牌,13000,已線上簽領,2026-08-28,2026-10-30,高雄市立中山高級中學,https://drive.google.com/file/d/fy-award-proof-439/view,榮獲銅牌，展現輔英科技大學環境與生命學院環境工程與科學系師生優異研發與專業實力。,,,,,,,,
440,115學年度,113-1行政會議,人文與管理學院,應用外語系,進二技2年1班,唐千惠,11225327,鄭淑芬 教授,特殊優良事蹟,高雄市青年局志工服務楷模,高齡社區義診與健康宣導服務隊,卓越志工獎,11000,已線上簽領,2026-08-10,2026-10-20,輔英科技大學附設附中,https://drive.google.com/file/d/fy-award-proof-440/view,榮獲卓越志工獎，展現輔英科技大學人文與管理學院應用外語系師生優異研發與專業實力。,,,,,,,,
441,114學年度,114-4行政會議,人文與管理學院,資訊管理系,進二技2年1班,簡雅雯,11396108,鄭淑芬 教授,國內競賽,臺灣大專院校醫技專題學術研討會,新型抗藥性細菌快速檢測晶片開發,佳作,8000,已完成撥款,2026-08-21,2026-10-30,中山工商,https://drive.google.com/file/d/fy-award-proof-441/view,榮獲佳作，展現輔英科技大學人文與管理學院資訊管理系師生優異研發與專業實力。,,,,,,,,
442,113學年度,115-3行政會議,醫學與健康學院,醫學影像暨放射科學系,五專4年2班,郭威廷、謝佩珊,11130488,鄭淑芬 教授,國際競賽,美國IEEE國際生醫工程競賽,AI影像輔助診斷與檢驗系統,銅牌,13000,通知已發送,2026-08-16,2026-10-16,高雄市立高雄女子高級中學,https://drive.google.com/file/d/fy-award-proof-442/view,榮獲銅牌，展現輔英科技大學醫學與健康學院醫學影像暨放射科學系師生優異研發與專業實力。,,,,,,,,
443,114學年度,114-4行政會議,醫學與健康學院,物理治療系,進二技2年1班,許哲瑋,11266442,李佳蓉 副教授,特殊優良事蹟,教育部青年署青聚點地方創生計畫,偏鄉長者健康關懷與社會實踐服務,績優團隊,12000,已線上簽領,2026-08-25,2026-10-23,國立臺南第一高級中學,https://drive.google.com/file/d/fy-award-proof-443/view,榮獲績優團隊，展現輔英科技大學醫學與健康學院物理治療系師生優異研發與專業實力。,,,,,,,,
444,113學年度,115-1行政會議,環境與生命學院,應用化學及材料科學系,進二技2年1班,吳冠霖、黃怡君,11269917,李佳蓉 副教授,國際競賽,日內瓦國際發明展,銀髮族急救安全監測穿戴裝置,特優,23000,已完成撥款,2026-08-13,2026-10-16,國立岡山高級中學,https://www.fooyin.edu.tw/news/detail/1444,榮獲特優，展現輔英科技大學環境與生命學院應用化學及材料科學系師生優異研發與專業實力。,,,,,,,,
445,115學年度,113-3行政會議,醫學與健康學院,醫學影像暨放射科學系,五專5年1班,董宜蓁、方冠華,11323014,王建智 教授,體育競賽,全國大專校院排球聯賽 (UVL),公開二級女子排球錦標賽,亞軍,11000,待通知,,2026-10-21,高雄市立瑞祥高級中學,https://drive.google.com/file/d/fy-award-proof-445/view,榮獲亞軍，展現輔英科技大學醫學與健康學院醫學影像暨放射科學系師生優異研發與專業實力。,,,,,,,,
446,113學年度,113-8行政會議,人文與管理學院,應用外語系,四技2年2班,蔡詩涵,11258815,劉國強 教授,體育競賽,全國大專校院羽球錦標賽,混合雙打組,冠軍,9000,已完成撥款,2026-08-26,2026-10-28,中山工商,https://www.fooyin.edu.tw/news/detail/1446,榮獲冠軍，展現輔英科技大學人文與管理學院應用外語系師生優異研發與專業實力。,,,,,,,,
447,114學年度,114-6行政會議,人文與管理學院,休閒與遊憩事業管理系,進二技2年1班,賴威任、林宇翔,11229082,張哲銘 教授,特殊優良事蹟,教育部大專優秀青年選拔,全國大專優秀青年代表榮譽,全國大專優秀青年,10000,通知已發送,2026-08-22,2026-10-20,國立臺南第二高級中學,https://www.fooyin.edu.tw/news/detail/1447,榮獲全國大專優秀青年，展現輔英科技大學人文與管理學院休閒與遊憩事業管理系師生優異研發與專業實力。,,,,,,,,
448,113學年度,校務會議紀錄,醫學與健康學院,健康美容系,五專3年1班,呂宗翰、唐千惠、宋尚霖,11382562,黃宗賢 教授,體育競賽,全國大專校院排球聯賽 (UVL),公開二級女子排球錦標賽,亞軍,10000,已完成撥款,2026-08-26,2026-10-19,樹德家商,https://drive.google.com/file/d/fy-award-proof-448/view,榮獲亞軍，展現輔英科技大學醫學與健康學院健康美容系師生優異研發與專業實力。,,,,,,,,
449,115學年度,113-8行政會議,跨學院/校隊,創新創業培訓隊,碩士班1年級,宋尚霖、曾智捷,11221046,張哲銘 教授,特殊優良事蹟,高雄市青年局志工服務楷模,高齡社區義診與健康宣導服務隊,卓越志工獎,11000,已線上簽領,2026-08-14,2026-10-24,高雄市立中山高級中學,https://www.fooyin.edu.tw/news/detail/1449,榮獲卓越志工獎，展現輔英科技大學跨學院/校隊創新創業培訓隊師生優異研發與專業實力。,,,,,,,,
450,115學年度,114-2行政會議,跨學院/校隊,輔英運動代表隊,五專5年1班,莊浩宇,11149838,劉國強 教授,特殊優良事蹟,教育部大專優秀青年選拔,全國大專優秀青年代表榮譽,全國大專優秀青年,10000,已完成撥款,2026-08-18,2026-10-26,國立鳳山高級中學,https://www.fooyin.edu.tw/news/detail/1450,榮獲全國大專優秀青年，展現輔英科技大學跨學院/校隊輔英運動代表隊師生優異研發與專業實力。,,,,,,,,
451,115學年度,113-3行政會議,人文與管理學院,應用外語系,五專3年1班,葉馨文,11386230,陳秀美 助理教授,體育競賽,全國大專校院排球聯賽 (UVL),公開二級女子排球錦標賽,亞軍,12000,已線上簽領,2026-08-28,2026-10-19,樹德家商,https://drive.google.com/file/d/fy-award-proof-451/view,榮獲亞軍，展現輔英科技大學人文與管理學院應用外語系師生優異研發與專業實力。,,,,,,,,
452,115學年度,113-8行政會議,護理學院,高齡全程照顧視導學士學位學程,進二技2年1班,賴威任,11222843,王建智 教授,專業證照,行政院環保署廢水處理專責人員,甲級廢水處理專責人員合格證書,甲級證照,6000,待通知,,2026-10-28,國立屏東高級中學,https://drive.google.com/file/d/fy-award-proof-452/view,榮獲甲級證照，展現輔英科技大學護理學院高齡全程照顧視導學士學位學程師生優異研發與專業實力。,,,,,,,,
453,114學年度,113-3行政會議,環境與生命學院,職業安全衛生系,進二技2年1班,宋尚霖,11286585,鄭淑芬 教授,專業證照,行政院環保署廢水處理專責人員,甲級廢水處理專責人員合格證書,甲級證照,9000,已線上簽領,2026-08-23,2026-10-20,國立屏東高級中學,https://drive.google.com/file/d/fy-award-proof-453/view,榮獲甲級證照，展現輔英科技大學環境與生命學院職業安全衛生系師生優異研發與專業實力。,,,,,,,,
454,114學年度,學校公開官方網站,人文與管理學院,資訊管理系,進二技2年1班,鄭羽婷、彭思涵,11272043,張哲銘 教授,國內競賽,高雄市大專青年盃社會創新提案,社區高齡健康促進與營養膳食推廣,特優,10000,已完成撥款,2026-08-13,2026-10-28,國立鳳山高級中學,https://www.fooyin.edu.tw/news/detail/1454,榮獲特優，展現輔英科技大學人文與管理學院資訊管理系師生優異研發與專業實力。,,,,,,,,
455,115學年度,114-2行政會議,護理學院,長期照顧學位學程,五專5年1班,蕭奉儀,11249748,黃宗賢 教授,專業證照,考選部專門職業及技術人員國考,護理師國家考試全國榜首與特優,榜首,16000,待通知,,2026-10-28,高雄市立高雄女子高級中學,https://drive.google.com/file/d/fy-award-proof-455/view,榮獲榜首，展現輔英科技大學護理學院長期照顧學位學程師生優異研發與專業實力。,,,,,,,,
456,114學年度,114-2行政會議,醫學與健康學院,物理治療系,碩士班1年級,柯建宏,11115856,劉國強 教授,專業證照,勞動部技能檢定,美容甲級技術士專業證照,甲級證照,8000,已線上簽領,2026-08-20,2026-10-27,高雄市立瑞祥高級中學,https://drive.google.com/file/d/fy-award-proof-456/view,榮獲甲級證照，展現輔英科技大學醫學與健康學院物理治療系師生優異研發與專業實力。,,,,,,,,
457,115學年度,113-5行政會議,醫學與健康學院,健康美容系,碩士班1年級,董宜蓁、楊晨欣,11352626,李佳蓉 副教授,特殊優良事蹟,國際紅十字會救護志工表揚,急救醫療服務與特殊貢獻,急救楷模,9000,通知已發送,2026-08-22,2026-10-25,國立岡山高級中學,https://www.fooyin.edu.tw/news/detail/1457,榮獲急救楷模，展現輔英科技大學醫學與健康學院健康美容系師生優異研發與專業實力。,,,,,,,,
458,115學年度,114-9行政會議,環境與生命學院,環境工程與科學系,五專5年1班,蕭奉儀、鄭羽婷,11383315,李佳蓉 副教授,國內競賽,高雄市大專青年盃社會創新提案,社區高齡健康促進與營養膳食推廣,特優,13000,已線上簽領,2026-08-11,2026-10-21,中山工商,https://drive.google.com/file/d/fy-award-proof-458/view,榮獲特優，展現輔英科技大學環境與生命學院環境工程與科學系師生優異研發與專業實力。,,,,,,,,
459,113學年度,113-3行政會議,跨學院/校隊,全校跨領域團隊,五專3年1班,彭思涵,11185963,鄭淑芬 教授,國際競賽,日內瓦國際發明展,銀髮族急救安全監測穿戴裝置,特優,23000,通知已發送,2026-08-28,2026-10-16,高雄市立瑞祥高級中學,https://drive.google.com/file/d/fy-award-proof-459/view,榮獲特優，展現輔英科技大學跨學院/校隊全校跨領域團隊師生優異研發與專業實力。,,,,,,,,
460,113學年度,114-4行政會議,人文與管理學院,資訊管理系,四技4年1班,游智凱,11243708,李佳蓉 副教授,國際競賽,德國iF設計獎 / 國際發明展,智慧型室內CO₂捕集與探測系統,金牌,25000,通知已發送,2026-08-14,2026-10-20,輔英科技大學附設附中,https://drive.google.com/file/d/fy-award-proof-460/view,榮獲金牌，展現輔英科技大學人文與管理學院資訊管理系師生優異研發與專業實力。,,,,,,,,
461,113學年度,114-2行政會議,人文與管理學院,資訊管理系,五專3年1班,游智凱、謝佩珊,11117667,黃宗賢 教授,專業證照,考選部專門職業及技術人員國考,護理師國家考試全國榜首與特優,榜首,17000,待通知,,2026-10-25,輔英科技大學附設附中,https://drive.google.com/file/d/fy-award-proof-461/view,榮獲榜首，展現輔英科技大學人文與管理學院資訊管理系師生優異研發與專業實力。,,,,,,,,
462,113學年度,113-1行政會議,醫學與健康學院,物理治療系,四技1年1班,羅佳蓉,11145296,張哲銘 教授,體育競賽,全國大專游泳錦標賽,女子 200 公尺混合式,第一名,13000,已線上簽領,2026-08-25,2026-10-15,國立臺南第二高級中學,https://drive.google.com/file/d/fy-award-proof-462/view,榮獲第一名，展現輔英科技大學醫學與健康學院物理治療系師生優異研發與專業實力。,,,,,,,,
463,113學年度,114-2行政會議,跨學院/校隊,創新創業培訓隊,五專4年2班,郭威廷,11284481,劉國強 教授,專業證照,考選部專門職業及技術人員國考,護理師國家考試全國榜首與特優,榜首,20000,通知已發送,2026-08-14,2026-10-26,國立岡山高級中學,https://drive.google.com/file/d/fy-award-proof-463/view,榮獲榜首，展現輔英科技大學跨學院/校隊創新創業培訓隊師生優異研發與專業實力。,,,,,,,,
464,113學年度,115-1行政會議,人文與管理學院,休閒與遊憩事業管理系,五專3年1班,鍾名翔,11347912,王建智 教授,國際競賽,德國iF設計獎 / 國際發明展,智慧型室內CO₂捕集與探測系統,金牌,23000,通知已發送,2026-08-18,2026-10-27,國立臺南第一高級中學,https://drive.google.com/file/d/fy-award-proof-464/view,榮獲金牌，展現輔英科技大學人文與管理學院休閒與遊憩事業管理系師生優異研發與專業實力。,,,,,,,,
465,113學年度,115-3行政會議,跨學院/校隊,輔英運動代表隊,五專3年1班,許哲瑋,11221759,劉國強 教授,國際競賽,首爾國際發明展,高齡化智慧護理輔助照護裝置,銀牌,20000,已完成撥款,2026-08-23,2026-10-21,國立潮州高級中學,https://drive.google.com/file/d/fy-award-proof-465/view,榮獲銀牌，展現輔英科技大學跨學院/校隊輔英運動代表隊師生優異研發與專業實力。,,,,,,,,
466,114學年度,校務會議紀錄,環境與生命學院,生物科技系,碩士班1年級,游智凱,11237606,鄭淑芬 教授,特殊優良事蹟,高雄市青年局志工服務楷模,高齡社區義診與健康宣導服務隊,卓越志工獎,8000,已完成撥款,2026-08-14,2026-10-15,國立潮州高級中學,https://drive.google.com/file/d/fy-award-proof-466/view,榮獲卓越志工獎，展現輔英科技大學環境與生命學院生物科技系師生優異研發與專業實力。,,,,,,,,
467,113學年度,校務會議紀錄,醫學與健康學院,營養與健康美容系,進二技2年1班,方冠華、宋尚霖,11320636,李佳蓉 副教授,特殊優良事蹟,教育部大專優秀青年選拔,全國大專優秀青年代表榮譽,全國大專優秀青年,13000,已線上簽領,2026-08-21,2026-10-27,國立潮州高級中學,https://drive.google.com/file/d/fy-award-proof-467/view,榮獲全國大專優秀青年，展現輔英科技大學醫學與健康學院營養與健康美容系師生優異研發與專業實力。,,,,,,,,
468,113學年度,學校公開官方網站,護理學院,護理系,碩士班1年級,曾智捷,11211227,陳秀美 助理教授,國際競賽,日本東京國際發明展,綠色永續水質微藻淨化技術,金牌,22000,通知已發送,2026-08-19,2026-10-22,高雄市立中山高級中學,https://drive.google.com/file/d/fy-award-proof-468/view,榮獲金牌，展現輔英科技大學護理學院護理系師生優異研發與專業實力。,,,,,,,,
469,114學年度,113-1行政會議,環境與生命學院,職業安全衛生系,四技1年1班,宋尚霖,11146352,鄭淑芬 教授,國內競賽,高雄市大專青年盃社會創新提案,社區高齡健康促進與營養膳食推廣,特優,9000,已線上簽領,2026-08-28,2026-10-20,國立鳳山高級中學,https://drive.google.com/file/d/fy-award-proof-469/view,榮獲特優，展現輔英科技大學環境與生命學院職業安全衛生系師生優異研發與專業實力。,,,,,,,,
470,115學年度,113-3行政會議,醫學與健康學院,醫學影像暨放射科學系,四技1年1班,江佩君、曾智捷,11313030,黃宗賢 教授,特殊優良事蹟,輔英科技大學校友會優秀學生獎學金,學業與服務特殊優良表現,特優獎學金,10000,已完成撥款,2026-08-11,2026-10-25,國立臺南第二高級中學,https://drive.google.com/file/d/fy-award-proof-470/view,榮獲特優獎學金，展現輔英科技大學醫學與健康學院醫學影像暨放射科學系師生優異研發與專業實力。,,,,,,,,
471,114學年度,114-2行政會議,護理學院,長期照顧學位學程,進二技2年1班,賴威任,11315697,陳秀美 助理教授,國際競賽,日本東京國際發明展,綠色永續水質微藻淨化技術,金牌,23000,已線上簽領,2026-08-20,2026-10-15,國立臺南第二高級中學,https://www.fooyin.edu.tw/news/detail/1471,榮獲金牌，展現輔英科技大學護理學院長期照顧學位學程師生優異研發與專業實力。,,,,,,,,
472,113學年度,115-3行政會議,護理學院,長期照顧學位學程,四技1年1班,韓承翰、許哲瑋、葉馨文,11131558,林雅萍 副教授,體育競賽,全國大專院校運動會 (全大運),公開女子組田徑 400 公尺接力,金牌,10000,待通知,,2026-10-28,中山工商,https://www.fooyin.edu.tw/news/detail/1472,榮獲金牌，展現輔英科技大學護理學院長期照顧學位學程師生優異研發與專業實力。,,,,,,,,
473,115學年度,114-4行政會議,環境與生命學院,應用化學及材料科學系,五專4年2班,簡雅雯,11153724,陳秀美 助理教授,國際競賽,日內瓦國際發明展,銀髮族急救安全監測穿戴裝置,特優,23000,已線上簽領,2026-08-13,2026-10-29,國立潮州高級中學,https://www.fooyin.edu.tw/news/detail/1473,榮獲特優，展現輔英科技大學環境與生命學院應用化學及材料科學系師生優異研發與專業實力。,,,,,,,,
474,113學年度,113-1行政會議,人文與管理學院,應用外語系,五專4年2班,黃怡君、董宜蓁,11149514,劉國強 教授,國際競賽,德國iF設計獎 / 國際發明展,智慧型室內CO₂捕集與探測系統,金牌,20000,已線上簽領,2026-08-19,2026-10-27,國立臺南第二高級中學,https://www.fooyin.edu.tw/news/detail/1474,榮獲金牌，展現輔英科技大學人文與管理學院應用外語系師生優異研發與專業實力。,,,,,,,,
475,114學年度,113-8行政會議,跨學院/校隊,創新創業培訓隊,五專3年1班,鍾名翔,11291292,李佳蓉 副教授,體育競賽,全國大專院校運動會 (全大運),公開女子組田徑 400 公尺接力,金牌,13000,已線上簽領,2026-08-28,2026-10-21,國立鳳山高級中學,https://www.fooyin.edu.tw/news/detail/1475,榮獲金牌，展現輔英科技大學跨學院/校隊創新創業培訓隊師生優異研發與專業實力。,,,,,,,,
476,115學年度,學校公開官方網站,護理學院,長期照顧學位學程,四技1年1班,郭威廷、莊浩宇、柯建宏,11273097,鄭淑芬 教授,國內競賽,教育部全國大專校院創新創業競賽,循環經濟與生物基機能性產品開發,冠軍,16000,已完成撥款,2026-08-11,2026-10-19,輔英科技大學附設附中,https://drive.google.com/file/d/fy-award-proof-476/view,榮獲冠軍，展現輔英科技大學護理學院長期照顧學位學程師生優異研發與專業實力。,,,,,,,,
477,115學年度,校務會議紀錄,環境與生命學院,生物科技系,進二技2年1班,楊晨欣、薛紫晴,11289079,林雅萍 副教授,體育競賽,全國大專校院排球聯賽 (UVL),公開二級女子排球錦標賽,亞軍,10000,已線上簽領,2026-08-14,2026-10-16,高雄市立中山高級中學,https://drive.google.com/file/d/fy-award-proof-477/view,榮獲亞軍，展現輔英科技大學環境與生命學院生物科技系師生優異研發與專業實力。,,,,,,,,
478,115學年度,113-1行政會議,人文與管理學院,應用外語系,四技1年1班,曾智捷、許哲瑋、簡雅雯,11197537,鄭淑芬 教授,專業證照,勞動部技能檢定,美容甲級技術士專業證照,甲級證照,8000,已完成撥款,2026-08-28,2026-10-25,國立潮州高級中學,https://www.fooyin.edu.tw/news/detail/1478,榮獲甲級證照，展現輔英科技大學人文與管理學院應用外語系師生優異研發與專業實力。,,,,,,,,
479,114學年度,113-5行政會議,護理學院,高齡全程照顧視導學士學位學程,五專3年1班,陳雅婷,11339232,陳秀美 助理教授,專業證照,勞動部技能檢定,美容甲級技術士專業證照,甲級證照,7000,通知已發送,2026-08-20,2026-10-27,高雄市立中山高級中學,https://drive.google.com/file/d/fy-award-proof-479/view,榮獲甲級證照，展現輔英科技大學護理學院高齡全程照顧視導學士學位學程師生優異研發與專業實力。,,,,,,,,
480,113學年度,114-4行政會議,護理學院,護理系,四技3年1班,鄭羽婷,11148086,鄭淑芬 教授,國內競賽,高雄市大專青年盃社會創新提案,社區高齡健康促進與營養膳食推廣,特優,10000,待通知,,2026-10-15,高雄市立中山高級中學,https://www.fooyin.edu.tw/news/detail/1480,榮獲特優，展現輔英科技大學護理學院護理系師生優異研發與專業實力。,,,,,,,,
481,113學年度,113-8行政會議,環境與生命學院,應用化學及材料科學系,四技3年1班,葉馨文、謝佩珊,11112817,王建智 教授,體育競賽,全國大專院校運動會 (全大運),公開女子組田徑 400 公尺接力,金牌,10000,已完成撥款,2026-08-14,2026-10-27,高雄市立前鎮高級中學,https://drive.google.com/file/d/fy-award-proof-481/view,榮獲金牌，展現輔英科技大學環境與生命學院應用化學及材料科學系師生優異研發與專業實力。,,,,,,,,
482,113學年度,114-4行政會議,醫學與健康學院,醫學影像暨放射科學系,碩士班1年級,賴威任,11332460,劉國強 教授,國際競賽,德國iF設計獎 / 國際發明展,智慧型室內CO₂捕集與探測系統,金牌,21000,已完成撥款,2026-08-14,2026-10-21,高雄市立中山高級中學,https://drive.google.com/file/d/fy-award-proof-482/view,榮獲金牌，展現輔英科技大學醫學與健康學院醫學影像暨放射科學系師生優異研發與專業實力。,,,,,,,,
483,115學年度,114-4行政會議,環境與生命學院,職業安全衛生系,四技1年1班,曾智捷、呂宗翰、楊晨欣,11242397,張哲銘 教授,體育競賽,全國大專校院羽球錦標賽,混合雙打組,冠軍,13000,已完成撥款,2026-08-25,2026-10-21,樹德家商,https://www.fooyin.edu.tw/news/detail/1483,榮獲冠軍，展現輔英科技大學環境與生命學院職業安全衛生系師生優異研發與專業實力。,,,,,,,,
484,115學年度,115-4行政會議紀錄,環境與生命學院,環境工程與科學系,四技3年1班,張家豪、劉彥宏,115409888,張哲銘 教授,國際競賽,2026 倫敦國際發明展 (LIFEX),新型零碳排室內空氣淨化晶片,金牌與大會特別獎,25000,待通知,,2026-11-30,高雄市立高雄女子高級中學,https://www.fooyin.edu.tw/news/detail/2026-001,本校每週自動更新機制於行政會議紀錄中抓取之最新國際獲獎紀錄。,,,,,,,,
485,115學年度,輔英官方網站公開新聞,醫學與健康學院,醫學檢驗生物技術系,碩士班1年級,黃怡君,115409889,李佳蓉 副教授,專業證照,115年醫事檢驗師國家考試,國家專業技術人員高等考試,全國前五名與優異特別獎,15000,待通知,,2026-11-30,國立鳳山高級中學,https://www.fooyin.edu.tw/news/detail/2026-002,最新爬抓官網公告之國考績優名單。,,,,,,,,
486,114學年度,中華學生社團教育學會,護理學院,護理系,四技3年1班,學生未填,11458921,指導老師,國內競賽,115年全國大專校院學生社團,：社團之光－全國學生社團優秀輔(指)導老師選拔暨全國學生社團優秀幹部獎勵,優秀幹部,5000,待通知,,2026-11-30,高雄市立高雄高級中學,https://www.fooyin.edu.tw/,從 112-114 學年度填報資料模版匯入之獲獎紀錄,下,全國,中華學生社團教育學會,0,1,2026/02/03,2026/02/03,是
487,114學年度,中華民國競技飛鏢總會,護理學院,護理系,四技3年1班,學生未填,11455644,指導老師,國內競賽,114學年度師生盃全國飛鏢錦標賽,大專組女子雙人賽,第三名,5000,待通知,,2026-11-30,高雄市立高雄高級中學,https://www.fooyin.edu.tw/,從 112-114 學年度填報資料模版匯入之獲獎紀錄,下,全國,中華民國競技飛鏢總會,0,1,2026/03/14,2026/03/15,是
488,114學年度,中國青年救國團,護理學院,護理系,四技3年1班,學生未填,11443663,指導老師,國內競賽,115年度大專優秀青年獎,優秀青年選拔,當選,5000,待通知,,2026-11-30,高雄市立高雄高級中學,https://www.fooyin.edu.tw/,從 112-114 學年度填報資料模版匯入之獲獎紀錄,下,全國,中國青年救國團,0,1,2026/03/29,2026/03/29,是
489,114學年度,運動部、國立中央大學,護理學院,護理系,四技3年1班,學生未填,11425147,指導老師,國內競賽,一一五年全國大專校院運動會（全大運）,跆拳道一般女生組對打53公斤,第七名,5000,待通知,,2026-11-30,高雄市立高雄高級中學,https://www.fooyin.edu.tw/,從 112-114 學年度填報資料模版匯入之獲獎紀錄,下,全國,運動部、國立中央大學,0,1,2026/05/02,2026/05/06,是
490,114學年度,教育部青年發展署,護理學院,護理系,四技3年1班,學生未填,11413381,指導老師,國內競賽,115年大專校院學生會成果展,年度特色展現評選,三項解鎖認證,5000,待通知,,2026-11-30,高雄市立高雄高級中學,https://www.fooyin.edu.tw/,從 112-114 學年度填報資料模版匯入之獲獎紀錄,下,全國,教育部青年發展署,0,1,2026/05/02,2026/05/03,是
491,114學年度,教育部技術及職業教育司,護理學院,護理系,四技3年1班,學生未填,11433052,指導老師,國內競賽,2026年全國技專校院學生實務專題製作競賽暨成果展,護理與幼保群,佳作,5000,待通知,,2026-11-30,高雄市立高雄高級中學,https://www.fooyin.edu.tw/,從 112-114 學年度填報資料模版匯入之獲獎紀錄,下,教育部,教育部技術及職業教育司,0,1,2026/02/02,2026/03/10,是
492,114學年度,教育部青年發展署,護理學院,護理系,四技3年1班,學生未填,11471709,指導老師,國內競賽,青年志工行動競賽,青志獎,佳行獎,5000,待通知,,2026-11-30,高雄市立高雄高級中學,https://www.fooyin.edu.tw/,從 112-114 學年度填報資料模版匯入之獲獎紀錄,下,教育部,教育部青年發展署,0,1,2026/03/15,2026/03/15,是
493,114學年度,輔英科技大學,醫學與健康學院,醫學檢驗生物技術系,四技3年1班,學生未填,11422892,指導老師,國內競賽,114學年度第2學期輔英科技大學全國自主學習(SDL)成果簡報競賽,大專組,佳作,5000,待通知,,2026-11-30,高雄市立高雄高級中學,https://www.fooyin.edu.tw/,從 112-114 學年度填報資料模版匯入之獲獎紀錄,下,全國,輔英科技大學,0,1,2026/06/10,2026/06/10,是
494,114學年度,教育部技術及職業教育司,醫學與健康學院,醫學檢驗生物技術系,四技3年1班,學生未填,11431604,指導老師,國內競賽,2026 年全國技專校院 學生實務專題製作競賽暨成果展,生技醫農群,第一名,5000,待通知,,2026-11-30,高雄市立高雄高級中學,https://www.fooyin.edu.tw/,從 112-114 學年度填報資料模版匯入之獲獎紀錄,下,教育部,教育部技術及職業教育司,0,1,2026/02/02,2026/03/10,是
495,114學年度,教育部技術及職業教育司,醫學與健康學院,醫學檢驗生物技術系,四技3年1班,學生未填,11496391,指導老師,國內競賽,2026 年全國技專校院學生實務專題製作競賽暨成果展,生技醫農群,第二名,5000,待通知,,2026-11-30,高雄市立高雄高級中學,https://www.fooyin.edu.tw/,從 112-114 學年度填報資料模版匯入之獲獎紀錄,下,教育部,教育部技術及職業教育司,0,1,2026/02/02,2026/03/10,是
496,114學年度,中華民國田徑協會,醫學與健康學院,物理治療系,四技3年1班,學生未填,11480920,指導老師,國內競賽,2026年港都盃全國田徑錦標賽,100公尺,第三名,5000,待通知,,2026-11-30,高雄市立高雄高級中學,https://www.fooyin.edu.tw/,從 112-114 學年度填報資料模版匯入之獲獎紀錄,下,全國,中華民國田徑協會,0,1,2026/03/01,2026/03/05,否
497,114學年度,中華民國田徑協會、高雄市體育總會,醫學與健康學院,物理治療系,四技3年1班,學生未填,11458964,指導老師,國內競賽,2026港都盃全國田徑錦標賽,公開女子組100公尺,第三名,5000,待通知,,2026-11-30,高雄市立高雄高級中學,https://www.fooyin.edu.tw/,從 112-114 學年度填報資料模版匯入之獲獎紀錄,下,全國,中華民國田徑協會、高雄市體育總會,0,1,2026/03/01,2026/03/05,是
498,114學年度,運動部,醫學與健康學院,物理治療系,四技3年1班,學生未填,11457806,指導老師,國內競賽,114學年度大專校院排球聯賽-決賽,公開二級女生組,第九名,5000,待通知,,2026-11-30,高雄市立高雄高級中學,https://www.fooyin.edu.tw/,從 112-114 學年度填報資料模版匯入之獲獎紀錄,下,全國,運動部,0,1,2026/03/02,2026/03/05,否
499,114學年度,大專院校體育總會,醫學與健康學院,物理治療系,四技3年1班,學生未填,11416884,指導老師,國內競賽,114學年度大專五人制足球錦標賽,大專五人制足球,第四名,5000,待通知,,2026-11-30,高雄市立高雄高級中學,https://www.fooyin.edu.tw/,從 112-114 學年度填報資料模版匯入之獲獎紀錄,下,全國,大專院校體育總會,0,1,2026/05/26,2026/06/26,是
500,114學年度,運動部,醫學與健康學院,物理治療系,四技3年1班,學生未填,11491353,指導老師,國內競賽,2026全國運動部盃FUTSAL足球錦標賽,社會男子組,第一名,5000,待通知,,2026-11-30,高雄市立高雄高級中學,https://www.fooyin.edu.tw/,從 112-114 學年度填報資料模版匯入之獲獎紀錄,下,全國,運動部,0,1,2026/07/19,2026/07/21,否
501,114學年度,財團法人中華民國電腦技能基金會,護理學院,保健營養系,四技3年1班,學生未填,11478263,指導老師,國內競賽,TQC企業人才技能認證單科,TQC單科應用別優等獎學金,獲獎學金,5000,待通知,,2026-11-30,高雄市立高雄高級中學,https://www.fooyin.edu.tw/,從 112-114 學年度填報資料模版匯入之獲獎紀錄,下,全國,財團法人中華民國電腦技能基金會,0,1,2026/01/02,2026/02/26,是
502,114學年度,中華民國排球協會、高雄市體育總會,環境與生命學院,環境工程與科學系,四技3年1班,學生未填,11420244,指導老師,國內競賽,2026 年全國第69 屆和家盃排球錦標賽,大專男子組,未獲獎,5000,待通知,,2026-11-30,高雄市立高雄高級中學,https://www.fooyin.edu.tw/,從 112-114 學年度填報資料模版匯入之獲獎紀錄,下,全國,中華民國排球協會、高雄市體育總會,0,1,2026/02/07,2026/02/10,否
503,114學年度,運動部,環境與生命學院,環境工程與科學系,四技3年1班,學生未填,11411541,指導老師,國內競賽,114學年度大專校院足球聯賽,公開二級男生組,未獲獎,5000,待通知,,2026-11-30,高雄市立高雄高級中學,https://www.fooyin.edu.tw/,從 112-114 學年度填報資料模版匯入之獲獎紀錄,下,全國,運動部,0,1,2026/03/04,2026/03/07,否
504,114學年度,輔英科技大學,環境與生命學院,環境工程與科學系,四技3年1班,學生未填,11455079,指導老師,國內競賽,2026淨零碳排與智慧綠生活創意競賽,大專組,第三名,5000,待通知,,2026-11-30,高雄市立高雄高級中學,https://www.fooyin.edu.tw/,從 112-114 學年度填報資料模版匯入之獲獎紀錄,下,全國,輔英科技大學,0,1,2026/04/01,2026/04/01,是
505,114學年度,運動部,護理學院,休閒與遊憩事業管理系,四技3年1班,學生未填,11476580,指導老師,國內競賽,114學年度大專校院籃球聯賽,114學年度大專校院籃球聯賽,未獲獎,5000,待通知,,2026-11-30,高雄市立高雄高級中學,https://www.fooyin.edu.tw/,從 112-114 學年度填報資料模版匯入之獲獎紀錄,下,全國,運動部,0,1,2026/03/09,2026/03/12,否
506,114學年度,115年全國身心障礙運動會,護理學院,休閒與遊憩事業管理系,四技3年1班,學生未填,11493099,指導老師,國內競賽,115年全國身心障礙運動會,100公尺自由式,金牌,5000,待通知,,2026-11-30,高雄市立高雄高級中學,https://www.fooyin.edu.tw/,從 112-114 學年度填報資料模版匯入之獲獎紀錄,下,全國,115年全國身心障礙運動會,0,1,2026/05/23,2026/05/26,是
507,114學年度,社團法人中華亞太奧林匹克美業交流協會與國際奧林匹克聯,醫學與健康學院,健康美容系,四技3年1班,學生未填,11451836,指導老師,國內競賽,2026中華奧林匹克盃國際美業交流競技暨美饌文創藝術美學,晚宴創意設計圖組,冠軍,5000,待通知,,2026-11-30,高雄市立高雄高級中學,https://www.fooyin.edu.tw/,從 112-114 學年度填報資料模版匯入之獲獎紀錄,下,全國,社團法人中華亞太奧林匹克美業交流協會與國際奧林匹克聯,0,1,2026/05/12,2026/05/12,是
508,114學年度,中華民國大專院校體育總會,護理學院,護理系,四技3年1班,學生未填,11462707,指導老師,國內競賽,2025全國大專校院羽球排名積分賽(第三站),女子雙人組,第五名,5000,待通知,,2026-11-30,高雄市立高雄高級中學,https://www.fooyin.edu.tw/,從 112-114 學年度填報資料模版匯入之獲獎紀錄,上,全國,中華民國大專院校體育總會,0,1,2025/09/11,2025/09/12,否
509,114學年度,上海健康醫學院,護理學院,護理系,四技3年1班,學生未填,11470875,指導老師,國內競賽,2025上海國際護理技能大賽,2025上海國際護理技能大賽,優勝,5000,待通知,,2026-11-30,高雄市立高雄高級中學,https://www.fooyin.edu.tw/,從 112-114 學年度填報資料模版匯入之獲獎紀錄,上,全國,上海健康醫學院,0,1,2025/10/25,2025/10/25,是
510,114學年度,中華民國大專院校體育總會,護理學院,護理系,四技3年1班,學生未填,11456904,指導老師,國內競賽,中華民國大專校院2025學年度飛鏢運動錦標賽公開組男生個人競賽賽,飛鏢運動,第四名,5000,待通知,,2026-11-30,高雄市立高雄高級中學,https://www.fooyin.edu.tw/,從 112-114 學年度填報資料模版匯入之獲獎紀錄,上,全國,中華民國大專院校體育總會,0,1,2025/11/14,2025/11/16,否
511,114學年度,大專體總,護理學院,護理系,四技3年1班,學生未填,11439080,指導老師,國內競賽,2025學年度大專飛鏢運動錦標賽,公開男單組,第四名,5000,待通知,,2026-11-30,高雄市立高雄高級中學,https://www.fooyin.edu.tw/,從 112-114 學年度填報資料模版匯入之獲獎紀錄,上,全國,大專體總,0,1,2025/11/14,2025/11/16,否
512,114學年度,中華民國大專院校體育總會,護理學院,護理系,四技3年1班,學生未填,11416039,指導老師,國內競賽,2025學年度大專飛鏢運動緊標賽,公開組男生個人競賽賽,第四名,5000,待通知,,2026-11-30,高雄市立高雄高級中學,https://www.fooyin.edu.tw/,從 112-114 學年度填報資料模版匯入之獲獎紀錄,上,全國,中華民國大專院校體育總會,0,1,2025/11/14,2025/11/16,否
513,114學年度,社 團 法 人 中 華 創 新 發 明 學 會,護理學院,護理系,四技3年1班,學生未填,11448404,指導老師,國內競賽,2025 IIIC國際創新發明競賽,2025 IIIC國際創新發明競賽,銀牌x1 銅牌x1,5000,待通知,,2026-11-30,高雄市立高雄高級中學,https://www.fooyin.edu.tw/,從 112-114 學年度填報資料模版匯入之獲獎紀錄,上,全國,社 團 法 人 中 華 創 新 發 明 學 會,0,1,2025/11/20,2025/11/20,是
514,114學年度,大仁科技大學,護理學院,護理系,四技3年1班,學生未填,11431596,指導老師,國內競賽,2025年南丁格爾大仁盃技專校院護理臨床情境實務技能競賽,護理專業技能實務競賽_第1隊,團體競賽最佳默契獎,5000,待通知,,2026-11-30,高雄市立高雄高級中學,https://www.fooyin.edu.tw/,從 112-114 學年度填報資料模版匯入之獲獎紀錄,上,全國,大仁科技大學,0,1,2025/11/24,2025/11/24,是
515,114學年度,慈濟大學,護理學院,護理系,四技3年1班,學生未填,11429367,指導老師,國內競賽,2025第四屆大愛盃全國校際護理臨床實務技能競賽,護理專業技能,第一名,5000,待通知,,2026-11-30,高雄市立高雄高級中學,https://www.fooyin.edu.tw/,從 112-114 學年度填報資料模版匯入之獲獎紀錄,上,全國,慈濟大學,0,1,2025/12/05,2025/12/05,是
516,114學年度,弘光大學,護理學院,護理系,四技3年1班,學生未填,11431116,指導老師,國內競賽,2025年度臺灣技優護生實作競賽,臺灣技優護生實作競賽,特優獎,5000,待通知,,2026-11-30,高雄市立高雄高級中學,https://www.fooyin.edu.tw/,從 112-114 學年度填報資料模版匯入之獲獎紀錄,上,全國,弘光大學,0,1,2025/12/13,2025/12/13,是
517,114學年度,輔英科技大學,醫學與健康學院,醫學檢驗生物技術系,四技3年1班,學生未填,11434664,指導老師,國內競賽,2025學年度第1學期 輔英科技大學全國自主學習(SDL)成果簡報競賽,大專組-表現任務,第一名,5000,待通知,,2026-11-30,高雄市立高雄高級中學,https://www.fooyin.edu.tw/,從 112-114 學年度填報資料模版匯入之獲獎紀錄,上,全國,輔英科技大學,0,1,2025/11/19,2025/11/19,是
518,114學年度,輔英科技大學,醫學與健康學院,醫學檢驗生物技術系,四技3年1班,學生未填,11447316,指導老師,國內競賽,2025學年度海外實務學習說明會暨成果競賽,競賽團體競賽組,第三名,5000,待通知,,2026-11-30,高雄市立高雄高級中學,https://www.fooyin.edu.tw/,從 112-114 學年度填報資料模版匯入之獲獎紀錄,上,全國,輔英科技大學,0,1,2025/11/19,2025/11/19,是
519,114學年度,中華民國大專院校體育總會,醫學與健康學院,物理治療系,四技3年1班,學生未填,11464349,指導老師,國內競賽,2025全國大專校院羽球排名積分賽(第一站),男子雙人組,第五名,5000,待通知,,2026-11-30,高雄市立高雄高級中學,https://www.fooyin.edu.tw/,從 112-114 學年度填報資料模版匯入之獲獎紀錄,上,全國,中華民國大專院校體育總會,0,1,2025/08/19,2025/08/20,否
520,114學年度,屏東縣政府長期照護處,醫學與健康學院,物理治療系,四技3年1班,學生未填,11439311,指導老師,國內競賽,2025年屏東縣日照運動會,影像紀錄創意大賽,第三名,5000,待通知,,2026-11-30,高雄市立高雄高級中學,https://www.fooyin.edu.tw/,從 112-114 學年度填報資料模版匯入之獲獎紀錄,上,全國,屏東縣政府長期照護處,0,1,2025/09/20,2025/09/20,是
521,114學年度,嘉義市政府,醫學與健康學院,物理治療系,四技3年1班,學生未填,11481190,指導老師,國內競賽,嘉義市2025年諸羅山盃鋼鐵人全國健美錦標賽,男子形體組-第5級,第三名,5000,待通知,,2026-11-30,高雄市立高雄高級中學,https://www.fooyin.edu.tw/,從 112-114 學年度填報資料模版匯入之獲獎紀錄,上,全國,嘉義市政府,0,1,2025/11/09,2025/11/09,否
522,114學年度,中華民國大專院校體育總會,醫學與健康學院,物理治療系,四技3年1班,學生未填,11469212,指導老師,國內競賽,中華民國大專校院2025學年度飛鏢運動錦標賽競賽,公開男生個人競賽賽,第八名,5000,待通知,,2026-11-30,高雄市立高雄高級中學,https://www.fooyin.edu.tw/,從 112-114 學年度填報資料模版匯入之獲獎紀錄,上,全國,中華民國大專院校體育總會,0,1,2025/11/09,2025/11/09,否
523,114學年度,中華民國排球協會,醫學與健康學院,物理治療系,四技3年1班,學生未填,11419081,指導老師,國內競賽,2025年全國第46屆華宗盃排球錦標賽,社會男子組,第九名,5000,待通知,,2026-11-30,高雄市立高雄高級中學,https://www.fooyin.edu.tw/,從 112-114 學年度填報資料模版匯入之獲獎紀錄,上,全國,中華民國排球協會,0,1,2025/12/06,2025/12/10,否
524,114學年度,國立臺灣師範大學、國立臺灣科學教育館、新北市政府教育局,醫學與健康學院,物理治療系,四技3年1班,學生未填,11419376,指導老師,國內競賽,2025(第十四屆)專業英日文(ESP)詞彙與聽寫說能力大賽-南區區決賽,生活與職場-職涯試探(綜合類),冠軍,5000,待通知,,2026-11-30,高雄市立高雄高級中學,https://www.fooyin.edu.tw/,從 112-114 學年度填報資料模版匯入之獲獎紀錄,上,全國,國立臺灣師範大學、國立臺灣科學教育館、新北市政府教育局,0,1,2025/12/13,2025/12/13,是
525,114學年度,運動部,醫學與健康學院,物理治療系,四技3年1班,學生未填,11493640,指導老師,國內競賽,2025學年度大專校院排球聯賽,公開二級女生組,未獲獎,5000,待通知,,2026-11-30,高雄市立高雄高級中學,https://www.fooyin.edu.tw/,從 112-114 學年度填報資料模版匯入之獲獎紀錄,上,全國,運動部,0,1,2025/12/13,2025/12/14,否
526,114學年度,國立臺灣師範大學、國立臺灣科學教育館、新北市政府教育局,醫學與健康學院,物理治療系,四技3年1班,學生未填,11485834,指導老師,國內競賽,2025(第十四屆)專業英日文(ESP)詞彙與聽寫說能力大賽-全國總決賽,生活與職場-職涯試探(綜合類),亞軍,5000,待通知,,2026-11-30,高雄市立高雄高級中學,https://www.fooyin.edu.tw/,從 112-114 學年度填報資料模版匯入之獲獎紀錄,上,全國,國立臺灣師範大學、國立臺灣科學教育館、新北市政府教育局,0,1,2026/01/27,2026/01/27,是
527,114學年度,世界溜冰協會WORLD SKATE,護理學院,保健營養系,四技3年1班,學生未填,11465338,指導老師,國際競賽,2025年世界花式溜冰錦標賽,solo dance ladies seniores,未獲獎,5000,待通知,,2026-11-30,高雄市立高雄高級中學,https://www.fooyin.edu.tw/,從 112-114 學年度填報資料模版匯入之獲獎紀錄,上,國際(外),世界溜冰協會WORLD SKATE,0,1,2025/10/23,2025/10/28,否
528,114學年度,中華民國滑輪溜冰協會運動部,護理學院,保健營養系,四技3年1班,學生未填,11411637,指導老師,國內競賽,2025學年中正盃全國溜冰錦標賽-花式溜冰,大專社會女子組-個人競賽冰舞,第一名,5000,待通知,,2026-11-30,高雄市立高雄高級中學,https://www.fooyin.edu.tw/,從 112-114 學年度填報資料模版匯入之獲獎紀錄,上,全國,中華民國滑輪溜冰協會運動部,0,1,2025/11/23,2025/11/23,否
529,114學年度,教育部,護理學院,保健營養系,四技3年1班,學生未填,11451221,指導老師,國內競賽,技職之光,技職傑出獎,無名次之分,5000,待通知,,2026-11-30,高雄市立高雄高級中學,https://www.fooyin.edu.tw/,從 112-114 學年度填報資料模版匯入之獲獎紀錄,上,全國,教育部,0,1,2025/12/19,2025/12/19,否
530,114學年度,運動部,環境與生命學院,環境工程與科學系,四技3年1班,學生未填,11418344,指導老師,國內競賽,2025學年度大專校院足球聯賽,公開二級男生組,未獲獎,5000,待通知,,2026-11-30,高雄市立高雄高級中學,https://www.fooyin.edu.tw/,從 112-114 學年度填報資料模版匯入之獲獎紀錄,上,全國,運動部,0,1,2025/11/24,2025/11/27,否
531,114學年度,南臺科技大學、教育部促進產學連結合作育才平臺產學連結執行辦公室-國立臺灣科技大學,環境與生命學院,環境工程與科學系,四技3年1班,學生未填,11418410,指導老師,國內競賽,第七屆技職校院大手攜小手智慧創新應用競賽,智慧健康,亞軍,5000,待通知,,2026-11-30,高雄市立高雄高級中學,https://www.fooyin.edu.tw/,從 112-114 學年度填報資料模版匯入之獲獎紀錄,上,全國,南臺科技大學、教育部促進產學連結合作育才平臺產學連結執行辦公室-國立臺灣科技大學,0,1,2025/11/29,2025/11/29,是
532,114學年度,中華民國美容美髮諮詢協會,環境與生命學院,應用化學及材料科學系,四技3年1班,學生未填,11476682,指導老師,國內競賽,2025第二十九屆高雄市長盃全國美容美髮美甲美睫紋繡技術競賽大會,精油調香設計組(靜態),第三名,5000,待通知,,2026-11-30,高雄市立高雄高級中學,https://www.fooyin.edu.tw/,從 112-114 學年度填報資料模版匯入之獲獎紀錄,上,全國,中華民國美容美髮諮詢協會,0,1,2025/12/20,2025/12/20,否
533,114學年度,中華創新發明學會、俄羅斯阿基米德國際發明協會,護理學院,護理科,四技3年1班,學生未填,11445328,指導老師,國際競賽,第16屆IIIC國際創新發明競賽,環境與健康,銅牌,5000,待通知,,2026-11-30,高雄市立高雄高級中學,https://www.fooyin.edu.tw/,從 112-114 學年度填報資料模版匯入之獲獎紀錄,上,國際(外),中華創新發明學會、俄羅斯阿基米德國際發明協會,0,1,2025/11/20,2025/11/20,是
534,114學年度,長庚科技大,護理學院,護理科,四技3年1班,學生未填,11485359,指導老師,國內競賽,2025年(2025)全國競賽「呼朋引伴、創照未來」 創新設計競賽,創新設計競賽,佳作,5000,待通知,,2026-11-30,高雄市立高雄高級中學,https://www.fooyin.edu.tw/,從 112-114 學年度填報資料模版匯入之獲獎紀錄,上,全國,長庚科技大,0,1,2025/11/07,2025/11/07,是
535,114學年度,長庚學校財團法人長庚科技大學呼吸照護系,護理學院,護理科,四技3年1班,學生未填,11477330,指導老師,國內競賽,2025全國競賽「呼朋引伴、創造未來」,2025全國競賽「呼朋引伴、創造未來」,佳作,5000,待通知,,2026-11-30,高雄市立高雄高級中學,https://www.fooyin.edu.tw/,從 112-114 學年度填報資料模版匯入之獲獎紀錄,上,全國,長庚學校財團法人長庚科技大學呼吸照護系,0,1,2025/11/07,2025/11/07,是
536,114學年度,教育部（指導單位）國立臺灣藝術教育館（主辦單位）,護理學院,護理科,四技3年1班,學生未填,11434600,指導老師,國內競賽,學生音樂比賽高雄市初賽,學生音樂比賽個人項目,第一名,5000,待通知,,2026-11-30,高雄市立高雄高級中學,https://www.fooyin.edu.tw/,從 112-114 學年度填報資料模版匯入之獲獎紀錄,上,全國,教育部（指導單位）國立臺灣藝術教育館（主辦單位）,0,1,2025/11/10,2025/11/10,否
537,114學年度,中華民國冰球協會,護理學院,護理科,四技3年1班,學生未填,11496690,指導老師,國內競賽,2025學年度全國中正盃冰球錦標賽,公開組,第一名,5000,待通知,,2026-11-30,高雄市立高雄高級中學,https://www.fooyin.edu.tw/,從 112-114 學年度填報資料模版匯入之獲獎紀錄,上,全國,中華民國冰球協會,0,1,2025/11/12,2025/11/15,否
538,114學年度,中華民國滑輪溜冰協會,護理學院,護理科,四技3年1班,學生未填,11412517,指導老師,國內競賽,2025學年度第47屆全國全國溜冰錦標賽-曲棍球,女子組,第一名,5000,待通知,,2026-11-30,高雄市立高雄高級中學,https://www.fooyin.edu.tw/,從 112-114 學年度填報資料模版匯入之獲獎紀錄,上,全國,中華民國滑輪溜冰協會,0,1,2025/11/15,2025/11/29,否
539,114學年度,勞動部,護理學院,護理科,四技3年1班,學生未填,11461747,指導老師,國內競賽,第3屆亞洲技能競賽,青年組健康照顧職類,銀牌,5000,待通知,,2026-11-30,高雄市立高雄高級中學,https://www.fooyin.edu.tw/,從 112-114 學年度填報資料模版匯入之獲獎紀錄,上,全國,勞動部,0,1,2025/11/26,2025/11/29,是
540,114學年度,輔英科技大學,護理學院,護理科,四技3年1班,學生未填,11416738,指導老師,國內競賽,2025輔英全國健康智慧科技創新創業競賽,創新創業競賽,優異獎,5000,待通知,,2026-11-30,高雄市立高雄高級中學,https://www.fooyin.edu.tw/,從 112-114 學年度填報資料模版匯入之獲獎紀錄,上,全國,輔英科技大學,0,1,2025/12/11,2025/12/11,是
541,114學年度,輔英科技大學,護理學院,護理科,四技3年1班,學生未填,11497235,指導老師,國內競賽,2025輔英全國健康智慧科技創新創業競賽榮獲優異,2025輔英全國健康智慧科技創新創業競賽榮獲優異,未獲獎,5000,待通知,,2026-11-30,高雄市立高雄高級中學,https://www.fooyin.edu.tw/,從 112-114 學年度填報資料模版匯入之獲獎紀錄,上,全國,輔英科技大學,0,1,2025/12/11,2025/12/11,是
542,114學年度,INTACC國際美業家商會,醫學與健康學院,健康美容系,四技3年1班,學生未填,11449403,指導老師,國際競賽,2025 國際美業環球之星世界 盃香港站,美髮組:男士漸層及鬍鬚造型,金獎,5000,待通知,,2026-11-30,高雄市立高雄高級中學,https://www.fooyin.edu.tw/,從 112-114 學年度填報資料模版匯入之獲獎紀錄,上,國際(外),INTACC國際美業家商會,0,1,2025/08/12,2025/08/12,是
543,114學年度,社團法人中華亞太奧林匹克美業交流協會,醫學與健康學院,健康美容系,四技3年1班,學生未填,11493168,指導老師,國際競賽,第29屆APHCA奥林匹克亞太美 「容美髮國際競賽」,藝術精油調香設計組(靜態組),未獲獎,5000,待通知,,2026-11-30,高雄市立高雄高級中學,https://www.fooyin.edu.tw/,從 112-114 學年度填報資料模版匯入之獲獎紀錄,上,國際(外),社團法人中華亞太奧林匹克美業交流協會,0,1,2025/10/21,2025/10/21,是
544,114學年度,社團法人中華亞太奧林匹克美業交流協會,醫學與健康學院,健康美容系,四技3年1班,學生未填,11423237,指導老師,國際競賽,第29屆APHCA奥林匹克亞太「美容美髮國際競賽」,藝術珠寶捧花組(靜態組),未獲獎,5000,待通知,,2026-11-30,高雄市立高雄高級中學,https://www.fooyin.edu.tw/,從 112-114 學年度填報資料模版匯入之獲獎紀錄,上,國際(外),社團法人中華亞太奧林匹克美業交流協會,0,1,2025/10/21,2025/10/21,是
545,114學年度,中華民國飛鏢總會,醫學與健康學院,健康美容系,四技3年1班,學生未填,11448622,指導老師,國內競賽,2025全國飛鏢錦標賽,U22 WOMEN FINAL年度積分排名、年度總決賽,第二名,5000,待通知,,2026-11-30,高雄市立高雄高級中學,https://www.fooyin.edu.tw/,從 112-114 學年度填報資料模版匯入之獲獎紀錄,上,全國,中華民國飛鏢總會,0,1,2025/11/14,2025/11/16,否
546,114學年度,中華民國競技飛鏢選手聯盟,醫學與健康學院,健康美容系,四技3年1班,學生未填,11428287,指導老師,國內競賽,星翼未來U-23飛鏢比賽,女子組,第一名,5000,待通知,,2026-11-30,高雄市立高雄高級中學,https://www.fooyin.edu.tw/,從 112-114 學年度填報資料模版匯入之獲獎紀錄,上,全國,中華民國競技飛鏢選手聯盟,0,1,2025/11/22,2025/11/23,否
547,114學年度,社團法人中華沙龍產業發展協會,醫學與健康學院,健康美容系,四技3年1班,學生未填,11416385,指導老師,國內競賽,2025 TSIA國際美業設計菁英賽,國際靜態沙龍款穿戴甲片造型,冠軍,5000,待通知,,2026-11-30,高雄市立高雄高級中學,https://www.fooyin.edu.tw/,從 112-114 學年度填報資料模版匯入之獲獎紀錄,上,全國,社團法人中華沙龍產業發展協會,0,1,2025/12/12,2025/12/13,是
548,114學年度,美國GLAD全球學習與測評發展中心,醫學與健康學院,健康美容系,四技3年1班,學生未填,11468378,指導老師,國內競賽,2025第十四屆專業英日文(ESP)詞彙與聽寫說能力大賽,美容彩妝類,亞軍,5000,待通知,,2026-11-30,高雄市立高雄高級中學,https://www.fooyin.edu.tw/,從 112-114 學年度填報資料模版匯入之獲獎紀錄,上,全國,美國GLAD全球學習與測評發展中心,0,1,2025/12/13,2025/12/13,是
549,114學年度,運動部,醫學與健康學院,健康美容系,四技3年1班,學生未填,11471904,指導老師,國內競賽,2025學年度大專校院籃球聯賽,一般男生組,未獲獎,5000,待通知,,2026-11-30,高雄市立高雄高級中學,https://www.fooyin.edu.tw/,從 112-114 學年度填報資料模版匯入之獲獎紀錄,上,全國,運動部,0,1,2025/12/15,2025/12/19,否
550,114學年度,中華亞太奧林匹克交流協會,醫學與健康學院,健康美容系,四技3年1班,學生未填,11458908,指導老師,國內競賽,第二屆ZAOBA國際技能競賽,男子全往後吹（動態組）,冠軍,5000,待通知,,2026-11-30,高雄市立高雄高級中學,https://www.fooyin.edu.tw/,從 112-114 學年度填報資料模版匯入之獲獎紀錄,上,全國,中華亞太奧林匹克交流協會,0,1,2025/12/30,2025/12/30,是
551,113學年度,勞動部,護理學院,護理系,四技3年1班,學生未填,11434209,指導老師,國內競賽,第55屆全國技能競賽南區分區競賽青年組,健康照顧,佳作,5000,待通知,,2026-11-30,高雄市立高雄高級中學,https://www.fooyin.edu.tw/,從 112-114 學年度填報資料模版匯入之獲獎紀錄,下,全國,勞動部,0,1,2025/03/27,2025/03/29,是
552,113學年度,中華民國滑輪溜冰協會,醫學與健康學院,醫學檢驗生物技術系,四技3年1班,學生未填,11423803,指導老師,國內競賽,114年第22屆總統盃全國溜冰錦標賽,菁英社會女子組直排花式大專組,第一名,5000,待通知,,2026-11-30,高雄市立高雄高級中學,https://www.fooyin.edu.tw/,從 112-114 學年度填報資料模版匯入之獲獎紀錄,下,全國,中華民國滑輪溜冰協會,0,1,2025/03/30,2025/03/30,否
553,113學年度,輔英科技大學、中華芳香精油美容保健協會,醫學與健康學院,醫學檢驗生物技術系,四技3年1班,學生未填,11487928,指導老師,國內競賽,2025國際健康芳療保健技藝競賽暨學術發表,A03身體按摩競賽評分表-大專組,季軍,5000,待通知,,2026-11-30,高雄市立高雄高級中學,https://www.fooyin.edu.tw/,從 112-114 學年度填報資料模版匯入之獲獎紀錄,下,全國,輔英科技大學、中華芳香精油美容保健協會,0,1,2025/04/19,2025/04/19,否
554,113學年度,輔英科技大學和中華芳香精油美容保健協會,醫學與健康學院,物理治療系,四技3年1班,學生未填,11423249,指導老師,國內競賽,2025年第九屆艾柏盃 國際芳療美業保健技藝競賽,美甲貼鑽組競賽-大專組,冠軍,5000,待通知,,2026-11-30,高雄市立高雄高級中學,https://www.fooyin.edu.tw/,從 112-114 學年度填報資料模版匯入之獲獎紀錄,下,全國,輔英科技大學和中華芳香精油美容保健協會,0,1,2025/04/19,2025/04/19,否
555,113學年度,教育部,護理學院,保健營養系,四技3年1班,學生未填,11420338,指導老師,國內競賽,114年全國大專校院運動會,跆拳道一般女子組單人品勢,第一名,5000,待通知,,2026-11-30,高雄市立高雄高級中學,https://www.fooyin.edu.tw/,從 112-114 學年度填報資料模版匯入之獲獎紀錄,下,全國,教育部,0,1,2025/04/28,2025/04/28,否
556,113學年度,輔英科技大學,環境與生命學院,環境工程與科學系,四技3年1班,學生未填,11459954,指導老師,國內競賽,2025全國大專暨高中職「淨零碳排與智慧綠生活」創意競賽,大專組,第二名,5000,待通知,,2026-11-30,高雄市立高雄高級中學,https://www.fooyin.edu.tw/,從 112-114 學年度填報資料模版匯入之獲獎紀錄,下,全國,輔英科技大學,0,1,2025/03/12,2025/03/12,是
557,113學年度,國際現代書道展運營委員會,醫學與健康學院,醫學檢驗生物技術系,四技3年1班,學生未填,11422548,指導老師,國際競賽,第五十五回記念國際現代書道展,書法,銀賞,5000,待通知,,2026-11-30,高雄市立高雄高級中學,https://www.fooyin.edu.tw/,從 112-114 學年度填報資料模版匯入之獲獎紀錄,上,國際(外),國際現代書道展運營委員會,0,1,2024/01/20,2024/01/20,否
558,113學年度,中華創新發明學會、台灣國際發明得獎協會、國際創新發明聯盟總會,醫學與健康學院,醫學檢驗生物技術系,四技3年1班,學生未填,11474948,指導老師,國際競賽,2024第十屆韓國WiC世界創新發明大賽,2024第十屆韓國WiC世界創新發明大賽,銀牌,5000,待通知,,2026-11-30,高雄市立高雄高級中學,https://www.fooyin.edu.tw/,從 112-114 學年度填報資料模版匯入之獲獎紀錄,上,國際(外),中華創新發明學會、台灣國際發明得獎協會、國際創新發明聯盟總會,0,1,2024/08/17,2024/08/18,是
559,113學年度,國際滑冰總會花式滑冰大獎賽加拿大站,醫學與健康學院,醫學檢驗生物技術系,四技3年1班,學生未填,11484775,指導老師,國際競賽,2024年世界花式溜冰錦標賽,個人花式,未獲獎,5000,待通知,,2026-11-30,高雄市立高雄高級中學,https://www.fooyin.edu.tw/,從 112-114 學年度填報資料模版匯入之獲獎紀錄,上,國際(外),國際滑冰總會花式滑冰大獎賽加拿大站,0,1,2024/09/14,2024/09/21,否
560,113學年度,社團法人中華國際嘎檔巴佛教總會 福慧吉祥文化藝術中心 中華民國書學會,醫學與健康學院,醫學檢驗生物技術系,四技3年1班,學生未填,11465366,指導老師,國內競賽,2024嘎檔盃台灣書法大賽決賽,書法,佳作,5000,待通知,,2026-11-30,高雄市立高雄高級中學,https://www.fooyin.edu.tw/,從 112-114 學年度填報資料模版匯入之獲獎紀錄,上,全國,社團法人中華國際嘎檔巴佛教總會 福慧吉祥文化藝術中心 中華民國書學會,0,1,2024/09/29,2024/09/29,否
561,113學年度,輔英科技大學,醫學與健康學院,醫學檢驗生物技術系,四技3年1班,學生未填,11479468,指導老師,國內競賽,113學年度護理實務技能競賽,英文護病溝通競賽,第三名,5000,待通知,,2026-11-30,高雄市立高雄高級中學,https://www.fooyin.edu.tw/,從 112-114 學年度填報資料模版匯入之獲獎紀錄,上,全國,輔英科技大學,0,1,2024/10/30,2024/10/30,是
562,113學年度,高雄醫學大學,護理學院,健康事業管理系,四技3年1班,學生未填,11491585,指導老師,國內競賽,高齡福祉科技應用實務暑期戰鬥營,大專組,第三名,5000,待通知,,2026-11-30,高雄市立高雄高級中學,https://www.fooyin.edu.tw/,從 112-114 學年度填報資料模版匯入之獲獎紀錄,上,全國,高雄醫學大學,0,1,2024/08/12,2024/08/16,是
563,113學年度,International Food&Beverage Association President,護理學院,休閒與遊憩事業管理系,四技3年1班,學生未填,11414611,指導老師,國際競賽,Vocational and College Pour-Over Coffee,國際手沖咖啡競賽,銅牌,5000,待通知,,2026-11-30,高雄市立高雄高級中學,https://www.fooyin.edu.tw/,從 112-114 學年度填報資料模版匯入之獲獎紀錄,上,國際(外),International Food&Beverage Association President,0,1,2024/11/10,2024/11/10,是
564,113學年度,教育部,護理學院,休閒與遊憩事業管理系,四技3年1班,學生未填,11446417,指導老師,國內競賽,全國大專院校運動會,跆拳道品勢一般女子團體,金牌,5000,待通知,,2026-11-30,高雄市立高雄高級中學,https://www.fooyin.edu.tw/,從 112-114 學年度填報資料模版匯入之獲獎紀錄,上,全國,教育部,0,1,2024/05/03,2024/05/03,是
565,113學年度,江蘇食品藥品職業技術學院,護理學院,休閒與遊憩事業管理系,四技3年1班,學生未填,11475587,指導老師,國內競賽,第六屆海峽兩岸加工食品技能大賽,糕點製作,二等獎,5000,待通知,,2026-11-30,高雄市立高雄高級中學,https://www.fooyin.edu.tw/,從 112-114 學年度填報資料模版匯入之獲獎紀錄,上,大陸、港、澳地區,江蘇食品藥品職業技術學院,0,1,2024/11/27,2024/11/27,是
566,113學年度,國際美業家商會,醫學與健康學院,健康美容系,四技3年1班,學生未填,11477927,指導老師,國內競賽,國際美業職能世界盃賽2024,美容健康組,冠軍,5000,待通知,,2026-11-30,高雄市立高雄高級中學,https://www.fooyin.edu.tw/,從 112-114 學年度填報資料模版匯入之獲獎紀錄,上,全國,國際美業家商會,0,1,2024/08/22,2024/08/22,是
567,113學年度,高雄醫學大學,護理學院,高齡及長期照護事業系,四技3年1班,學生未填,11445482,指導老師,國內競賽,高齡友善智慧移居環境設計暑期戰鬥營,大專組,第二名,5000,待通知,,2026-11-30,高雄市立高雄高級中學,https://www.fooyin.edu.tw/,從 112-114 學年度填報資料模版匯入之獲獎紀錄,上,全國,高雄醫學大學,0,1,2024/08/05,2024/08/09,是
568,113學年度,高雄醫學大學健康福祉領域教學推動中心,護理學院,高齡及長期照護事業系,四技3年1班,學生未填,11490363,指導老師,國內競賽,高齡友善智慧宜居環境設計暑期戰鬥營,高齡友善智慧宜居環境設計,第2名,5000,待通知,,2026-11-30,高雄市立高雄高級中學,https://www.fooyin.edu.tw/,從 112-114 學年度填報資料模版匯入之獲獎紀錄,上,全國,高雄醫學大學健康福祉領域教學推動中心,0,1,2024/08/05,2024/08/09,是
569,113學年度,國立臺北護理健康大學,護理學院,高齡及長期照護事業系,四技3年1班,學生未填,11417061,指導老師,國內競賽,2024長照青潮湧起來~全國健康照護服務形象創意影片競賽,大專組,第三名,5000,待通知,,2026-11-30,高雄市立高雄高級中學,https://www.fooyin.edu.tw/,從 112-114 學年度填報資料模版匯入之獲獎紀錄,上,全國,國立臺北護理健康大學,0,1,2024/09/13,2024/09/13,是
570,112學年度,高雄大學,護理學院,護理系,四技3年1班,學生未填,11443491,指導老師,國內競賽,XR實境教育創意大賽,XR 新媒體內容創作,佳作,5000,待通知,,2026-11-30,高雄市立高雄高級中學,https://www.fooyin.edu.tw/,從 112-114 學年度填報資料模版匯入之獲獎紀錄,下,全國,高雄大學,0,1,2024/01/10,2024/04/13,是
571,112學年度,國內,護理學院,護理系,四技3年1班,學生未填,11412258,指導老師,國內競賽,112學年度大專校院籃球聯賽,一般男生組,第九名,5000,待通知,,2026-11-30,高雄市立高雄高級中學,https://www.fooyin.edu.tw/,從 112-114 學年度填報資料模版匯入之獲獎紀錄,下,全國,國內,0,1,2024/02/20,2024/03/22,否
572,112學年度,中華民國大專院校體育總會,護理學院,護理系,四技3年1班,學生未填,11447113,指導老師,國內競賽,112學年度大專排球聯賽公開女生組Z組決賽,排球,第八名,5000,待通知,,2026-11-30,高雄市立高雄高級中學,https://www.fooyin.edu.tw/,從 112-114 學年度填報資料模版匯入之獲獎紀錄,下,全國,中華民國大專院校體育總會,0,1,2024/03/10,2024/03/13,否
573,112學年度,國內,護理學院,護理系,四技3年1班,學生未填,11441829,指導老師,國內競賽,112學年度大專校院足球聯賽,男生組第二級,第四名,5000,待通知,,2026-11-30,高雄市立高雄高級中學,https://www.fooyin.edu.tw/,從 112-114 學年度填報資料模版匯入之獲獎紀錄,下,全國,國內,0,1,2024/03/10,2024/04/01,否
574,112學年度,勞動部,護理學院,護理系,四技3年1班,學生未填,11475498,指導老師,國內競賽,第54屆全國技能競賽南區分區技能競賽,健康照顧職類,第一名,5000,待通知,,2026-11-30,高雄市立高雄高級中學,https://www.fooyin.edu.tw/,從 112-114 學年度填報資料模版匯入之獲獎紀錄,下,全國,勞動部,0,1,2024/03/25,2024/03/26,是
575,112學年度,輔英科大體育暨健康促進中心,護理學院,護理系,四技3年1班,學生未填,11488539,指導老師,國內競賽,113年度輔英盃全國排球及氣排球錦標賽-大專女子組排球,排球,第三名,5000,待通知,,2026-11-30,高雄市立高雄高級中學,https://www.fooyin.edu.tw/,從 112-114 學年度填報資料模版匯入之獲獎紀錄,下,全國,輔英科大體育暨健康促進中心,0,1,2024/04/19,2024/04/21,否
576,112學年度,勞動部,護理學院,護理系,四技3年1班,學生未填,11480816,指導老師,國內競賽,第54屆全國技能競賽,健康照顧職類,第一名,5000,待通知,,2026-11-30,高雄市立高雄高級中學,https://www.fooyin.edu.tw/,從 112-114 學年度填報資料模版匯入之獲獎紀錄,下,全國,勞動部,0,1,2024/07/17,2024/07/21,是
577,112學年度,輔英科技大學,護理學院,助產與婦嬰健康照護系,四技3年1班,學生未填,11478305,指導老師,國內競賽,全國自主學習(SDL)成果簡報競賽,成果簡報,第一名,5000,待通知,,2026-11-30,高雄市立高雄高級中學,https://www.fooyin.edu.tw/,從 112-114 學年度填報資料模版匯入之獲獎紀錄,下,全國,輔英科技大學,0,1,2024/06/05,2024/06/05,是
578,112學年度,義守大學,醫學與健康學院,醫學檢驗生物技術系,四技3年1班,學生未填,11470254,指導老師,國內競賽,第22屆全國醫技盃,羽球,未獲獎,5000,待通知,,2026-11-30,高雄市立高雄高級中學,https://www.fooyin.edu.tw/,從 112-114 學年度填報資料模版匯入之獲獎紀錄,下,全國,義守大學,0,1,2024/01/30,2024/02/01,否
579,112學年度,國內、國立雲林科技大學,醫學與健康學院,醫學檢驗生物技術系,四技3年1班,學生未填,11492141,指導老師,國內競賽,2024 年全國技專校院 學生實務專題製作競賽暨成果展,K-生技醫農群,未獲獎,5000,待通知,,2026-11-30,高雄市立高雄高級中學,https://www.fooyin.edu.tw/,從 112-114 學年度填報資料模版匯入之獲獎紀錄,下,全國,國內、國立雲林科技大學,0,1,2024/02/01,2024/04/19,否
580,112學年度,中國青年救國團,醫學與健康學院,醫學檢驗生物技術系,四技3年1班,學生未填,11440944,指導老師,國內競賽,中華民國各界慶祝 112 年青年節表揚大專優秀青年遴選,113年大專優秀青年,是,5000,待通知,,2026-11-30,高雄市立高雄高級中學,https://www.fooyin.edu.tw/,從 112-114 學年度填報資料模版匯入之獲獎紀錄,下,全國,中國青年救國團,0,1,2024/02/19,2024/03/29,是
581,112學年度,中國青年救國團,醫學與健康學院,醫學檢驗生物技術系,四技3年1班,學生未填,11465298,指導老師,國內競賽,中華民國各界慶祝 113 年青年節表揚大專優秀青年遴選,113年大專優秀青年,是,5000,待通知,,2026-11-30,高雄市立高雄高級中學,https://www.fooyin.edu.tw/,從 112-114 學年度填報資料模版匯入之獲獎紀錄,下,全國,中國青年救國團,0,1,2024/02/19,2024/03/29,是
582,112學年度,中國青年救國團,醫學與健康學院,醫學檢驗生物技術系,四技3年1班,學生未填,11491736,指導老師,國內競賽,113年大專優秀青年,個人競賽組,獲獎,5000,待通知,,2026-11-30,高雄市立高雄高級中學,https://www.fooyin.edu.tw/,從 112-114 學年度填報資料模版匯入之獲獎紀錄,下,全國,中國青年救國團,0,1,2024/03/15,2024/03/15,否
583,112學年度,中華民國滑輪溜冰協會、臺北市政府體育局,醫學與健康學院,醫學檢驗生物技術系,四技3年1班,學生未填,11489850,指導老師,國內競賽,113年第21屆總統盃全國溜冰錦標賽,大專社會女子組個人競賽冰舞,第一名,5000,待通知,,2026-11-30,高雄市立高雄高級中學,https://www.fooyin.edu.tw/,從 112-114 學年度填報資料模版匯入之獲獎紀錄,下,全國,中華民國滑輪溜冰協會、臺北市政府體育局,0,1,2024/03/28,2024/03/31,否
584,112學年度,國內體育署,醫學與健康學院,醫學檢驗生物技術系,四技3年1班,學生未填,11496664,指導老師,國內競賽,2024臺北國際花式滑輪溜冰公開賽,Senior Ladies成年女子Solo Dance Skating,第一名,5000,待通知,,2026-11-30,高雄市立高雄高級中學,https://www.fooyin.edu.tw/,從 112-114 學年度填報資料模版匯入之獲獎紀錄,下,全國,國內體育署,0,1,2024/03/28,2024/03/31,否
585,112學年度,中國青年救國團,醫學與健康學院,醫學檢驗生物技術系,四技3年1班,學生未填,11416222,指導老師,國內競賽,中華民國各界慶祝113年青年節表揚大專優秀青年,113年青年節表揚大專優秀青年,113年大專優秀青年,5000,待通知,,2026-11-30,高雄市立高雄高級中學,https://www.fooyin.edu.tw/,從 112-114 學年度填報資料模版匯入之獲獎紀錄,下,全國,中國青年救國團,0,1,2024/03/28,2024/03/29,否
586,112學年度,輔英科技大學,醫學與健康學院,醫學檢驗生物技術系,四技3年1班,學生未填,11441858,指導老師,國內競賽,112學年度系際盃羽球賽,羽球,是,5000,待通知,,2026-11-30,高雄市立高雄高級中學,https://www.fooyin.edu.tw/,從 112-114 學年度填報資料模版匯入之獲獎紀錄,下,全國,輔英科技大學,0,1,2024/04/01,2024/04/02,否
587,112學年度,輔英科技大學醫學與健康學院,醫學與健康學院,醫學檢驗生物技術系,四技3年1班,學生未填,11463911,指導老師,國內競賽,第十三屆學生實務專題製作競賽,學生實務專題製作競賽,佳作,5000,待通知,,2026-11-30,高雄市立高雄高級中學,https://www.fooyin.edu.tw/,從 112-114 學年度填報資料模版匯入之獲獎紀錄,下,全國,輔英科技大學醫學與健康學院,0,1,2024/04/10,2024/04/10,是
588,112學年度,國立陽明交通大學物理治療暨輔助科技學系系學會,醫學與健康學院,物理治療系,四技3年1班,學生未填,11426442,指導老師,國內競賽,第三十七屆大復盃,羽球團體,季軍,5000,待通知,,2026-11-30,高雄市立高雄高級中學,https://www.fooyin.edu.tw/,從 112-114 學年度填報資料模版匯入之獲獎紀錄,下,全國,國立陽明交通大學物理治療暨輔助科技學系系學會,0,1,2024/02/25,2024/02/25,否
589,112學年度,中華民國大專院校體育總會,醫學與健康學院,物理治療系,四技3年1班,學生未填,11489602,指導老師,國內競賽,112學年度大專排球聯賽公開男生組Z組決賽,排球,第九名,5000,待通知,,2026-11-30,高雄市立高雄高級中學,https://www.fooyin.edu.tw/,從 112-114 學年度填報資料模版匯入之獲獎紀錄,下,全國,中華民國大專院校體育總會,0,1,2024/03/13,2024/03/16,否
590,112學年度,社團法人臺灣物理治療學會,醫學與健康學院,物理治療系,四技3年1班,學生未填,11449878,指導老師,國內競賽,第八十七次學術論文研討會,學生優良壁報論文獎,佳作,5000,待通知,,2026-11-30,高雄市立高雄高級中學,https://www.fooyin.edu.tw/,從 112-114 學年度填報資料模版匯入之獲獎紀錄,下,全國,社團法人臺灣物理治療學會,0,1,2024/03/23,2024/03/23,是
591,112學年度,輔英科技大學,環境與生命學院,環境工程與科學系,四技3年1班,學生未填,11414763,指導老師,國內競賽,2024全國大專暨高中職淨零碳排與智慧綠生活創意競賽,大專組,佳作,5000,待通知,,2026-11-30,高雄市立高雄高級中學,https://www.fooyin.edu.tw/,從 112-114 學年度填報資料模版匯入之獲獎紀錄,下,全國,輔英科技大學,0,1,2024/03/13,2024/03/13,是
592,112學年度,輔英科大體育暨健康促進中心,環境與生命學院,環境工程與科學系,四技3年1班,學生未填,11463269,指導老師,國內競賽,113年度輔英盃全國排球及氣排球錦標賽-大專男子組排球,排球,第一名,5000,待通知,,2026-11-30,高雄市立高雄高級中學,https://www.fooyin.edu.tw/,從 112-114 學年度填報資料模版匯入之獲獎紀錄,下,全國,輔英科大體育暨健康促進中心,0,1,2024/04/19,2024/04/21,否
593,112學年度,輔英科技大學環境生命學院,環境與生命學院,應用化學及材料科學系,四技3年1班,學生未填,11432703,指導老師,國內競賽,2024淨零碳排與智慧綠生活創意競賽,大專組,第二名,5000,待通知,,2026-11-30,高雄市立高雄高級中學,https://www.fooyin.edu.tw/,從 112-114 學年度填報資料模版匯入之獲獎紀錄,下,全國,輔英科技大學環境生命學院,0,1,2024/03/13,2024/03/13,是
594,112學年度,輔英科技大學環境與生命學院,環境與生命學院,應用化學及材料科學系,四技3年1班,學生未填,11452001,指導老師,國內競賽,2024 輔英科技大學綠色科技專題競賽議程,實務專題,佳作,5000,待通知,,2026-11-30,高雄市立高雄高級中學,https://www.fooyin.edu.tw/,從 112-114 學年度填報資料模版匯入之獲獎紀錄,下,全國,輔英科技大學環境與生命學院,0,1,2024/05/22,2024/05/22,是
595,112學年度,中華民國國內,護理學院,休閒與遊憩事業管理系,四技3年1班,學生未填,11482765,指導老師,國內競賽,全國大專院校運動會,跆拳道品勢,金牌,5000,待通知,,2026-11-30,高雄市立高雄高級中學,https://www.fooyin.edu.tw/,從 112-114 學年度填報資料模版匯入之獲獎紀錄,下,全國,中華民國國內,0,1,2024/05/04,2024/05/04,是
596,112學年度,中國青年救國團,人文與管理學院,應用外語系,四技3年1班,學生未填,11443429,指導老師,國內競賽,111年大專優秀青年,個人競賽組,獲獎,5000,待通知,,2026-11-30,高雄市立高雄高級中學,https://www.fooyin.edu.tw/,從 112-114 學年度填報資料模版匯入之獲獎紀錄,下,全國,中國青年救國團,0,1,2024/03/15,2024/03/15,否
597,112學年度,中國青年救國團,護理學院,護理科,四技3年1班,學生未填,11470938,指導老師,國內競賽,112年大專優秀青年,個人競賽組,獲獎,5000,待通知,,2026-11-30,高雄市立高雄高級中學,https://www.fooyin.edu.tw/,從 112-114 學年度填報資料模版匯入之獲獎紀錄,下,全國,中國青年救國團,0,1,2024/03/15,2024/03/15,否
598,112學年度,國際創新發明協會、中華國際美容協會,醫學與健康學院,健康美容系,四技3年1班,學生未填,11436113,指導老師,國內競賽,2024國際時尚美學創意競賽,國際創意睫毛設計組-1,銀牌,5000,待通知,,2026-11-30,高雄市立高雄高級中學,https://www.fooyin.edu.tw/,從 112-114 學年度填報資料模版匯入之獲獎紀錄,下,全國,國際創新發明協會、中華國際美容協會,0,1,2024/05/30,2024/05/30,是
599,112學年度,衛生福利部,護理學院,護理系,四技3年1班,學生未填,11471835,指導老師,國內競賽,112年教育業務志願服務獎勵績優團隊,當年度服務成果,績優獎,5000,待通知,,2026-11-30,高雄市立高雄高級中學,https://www.fooyin.edu.tw/,從 112-114 學年度填報資料模版匯入之獲獎紀錄,上,全國,衛生福利部,0,1,2023/08/01,2023/11/14,否
600,112學年度,高雄市政府教育局,護理學院,護理系,四技3年1班,學生未填,11472951,指導老師,國內競賽,112學年度高雄市學生美術比賽,書法類 普通班南區-1,未獲獎,5000,待通知,,2026-11-30,高雄市立高雄高級中學,https://www.fooyin.edu.tw/,從 112-114 學年度填報資料模版匯入之獲獎紀錄,上,全國,高雄市政府教育局,0,1,2023/09/28,2023/10/05,否
601,112學年度,大仁科技大學護理系,護理學院,護理系,四技3年1班,學生未填,11428587,指導老師,國內競賽,2023年南丁格爾大仁盃技專校院護理臨床情境實務技能競賽,病歷閱讀與醫護英文術語,第二名,5000,待通知,,2026-11-30,高雄市立高雄高級中學,https://www.fooyin.edu.tw/,從 112-114 學年度填報資料模版匯入之獲獎紀錄,上,全國,大仁科技大學護理系,0,1,2023/10/16,2023/10/16,是
602,112學年度,輔英科技大學研究暨產學發展處創新育成中心,護理學院,護理系,四技3年1班,學生未填,11446161,指導老師,國內競賽,2023 年全國校園行銷創意影片競賽,大專院校組,無,5000,待通知,,2026-11-30,高雄市立高雄高級中學,https://www.fooyin.edu.tw/,從 112-114 學年度填報資料模版匯入之獲獎紀錄,上,全國,輔英科技大學研究暨產學發展處創新育成中心,0,1,2023/10/20,2023/11/08,否
603,112學年度,中華民國街舞運動推廣協會、 Team SKIP,護理學院,護理系,四技3年1班,學生未填,11465946,指導老師,國內競賽,全國大學街舞高峰會,無雙團體組,未獲獎,5000,待通知,,2026-11-30,高雄市立高雄高級中學,https://www.fooyin.edu.tw/,從 112-114 學年度填報資料模版匯入之獲獎紀錄,上,全國,中華民國街舞運動推廣協會、 Team SKIP,0,1,2023/10/28,2023/10/29,否
604,112學年度,高雄市中華書道學會,護理學院,護理系,四技3年1班,學生未填,11424825,指導老師,國內競賽,第20屆至聖盃全國書法比賽,高中大專組,佳作,5000,待通知,,2026-11-30,高雄市立高雄高級中學,https://www.fooyin.edu.tw/,從 112-114 學年度填報資料模版匯入之獲獎紀錄,上,全國,高雄市中華書道學會,0,1,2023/11/12,2023/11/12,否
605,112學年度,輔英科技大學共同教育中心,護理學院,護理系,四技3年1班,學生未填,11478959,指導老師,國內競賽,112學年度第1學期輔英科技大學全國自主學習(SDL)成果簡報競賽,大專組-表現任務,第三名,5000,待通知,,2026-11-30,高雄市立高雄高級中學,https://www.fooyin.edu.tw/,從 112-114 學年度填報資料模版匯入之獲獎紀錄,上,全國,輔英科技大學共同教育中心,0,1,2023/11/22,2023/11/22,是
606,112學年度,慈濟學校財團法人慈濟科技大學,護理學院,護理系,四技3年1班,學生未填,11417302,指導老師,國內競賽,第三屆大愛盃技專院校護理臨床實務技能競賽,護理專業技能競賽,第五名,5000,待通知,,2026-11-30,高雄市立高雄高級中學,https://www.fooyin.edu.tw/,從 112-114 學年度填報資料模版匯入之獲獎紀錄,上,全國,慈濟學校財團法人慈濟科技大學,0,1,2023/11/24,2023/11/24,是
607,112學年度,國立臺灣師範大學、國立臺灣科學教育館、新北市政府教育局,護理學院,護理系,四技3年1班,學生未填,11437609,指導老師,國內競賽,2023年(第十二屆)專業英日文詞彙與聽寫能力大賽,全國總決賽-個人獎,金腦獎,5000,待通知,,2026-11-30,高雄市立高雄高級中學,https://www.fooyin.edu.tw/,從 112-114 學年度填報資料模版匯入之獲獎紀錄,上,全國,國立臺灣師範大學、國立臺灣科學教育館、新北市政府教育局,0,1,2023/12/02,2023/12/02,是
608,112學年度,亞洲輪滑聯合會、大洋洲輪滑聯合會,醫學與健康學院,醫學檢驗生物技術系,四技3年1班,學生未填,11485911,指導老師,國際競賽,2023年亞洲溜冰錦標賽,成人女子組,冠軍,5000,待通知,,2026-11-30,高雄市立高雄高級中學,https://www.fooyin.edu.tw/,從 112-114 學年度填報資料模版匯入之獲獎紀錄,上,國際(外),亞洲輪滑聯合會、大洋洲輪滑聯合會,0,1,2023/10/21,2023/10/28,否
609,112學年度,社團法人臺灣物理治療學會,醫學與健康學院,物理治療系,四技3年1班,學生未填,11443892,指導老師,國內競賽,2023年世界物理治療日暨物理治療師節慶祝活動,物理治療師節學生創意學習競賽,優等獎,5000,待通知,,2026-11-30,高雄市立高雄高級中學,https://www.fooyin.edu.tw/,從 112-114 學年度填報資料模版匯入之獲獎紀錄,上,全國,社團法人臺灣物理治療學會,0,1,2023/09/01,2023/09/14,是
610,112學年度,中華民國大專院校體育總會,醫學與健康學院,物理治療系,四技3年1班,學生未填,11451717,指導老師,國內競賽,中華民國大專校院112學年度飛鏢錦標賽,飛鏢/一般女子個人組,第二名,5000,待通知,,2026-11-30,高雄市立高雄高級中學,https://www.fooyin.edu.tw/,從 112-114 學年度填報資料模版匯入之獲獎紀錄,上,全國,中華民國大專院校體育總會,0,1,2023/11/16,2023/11/19,否
611,112學年度,財團法人千禧之愛健康基金會,護理學院,保健營養系,四技3年1班,學生未填,11471888,指導老師,國內競賽,「千禧二十 健康落實」青年社區健康服務全國競賽,代謝症候群防治組,第二名,5000,待通知,,2026-11-30,高雄市立高雄高級中學,https://www.fooyin.edu.tw/,從 112-114 學年度填報資料模版匯入之獲獎紀錄,上,全國,財團法人千禧之愛健康基金會,0,1,2023/08/01,2023/11/11,是
612,112學年度,中華創新發明學會、IAIA國際創新發明聯盟總會,護理學院,健康事業管理系,四技3年1班,學生未填,11496910,指導老師,國際競賽,2023香港創新科技國際發明展,新科技國際發明,金牌,5000,待通知,,2026-11-30,高雄市立高雄高級中學,https://www.fooyin.edu.tw/,從 112-114 學年度填報資料模版匯入之獲獎紀錄,上,國際(外),中華創新發明學會、IAIA國際創新發明聯盟總會,0,1,2023/12/07,2023/12/08,是
613,112學年度,中華醫事科技大學,護理學院,健康事業管理系,四技3年1班,學生未填,11484614,指導老師,國內競賽,2023 全國性華醫創客松大賽「智慧、照護與養身」與「環境、安全與永續」創意實務專題競賽,A組「智慧、照護與養身」,佳作,5000,待通知,,2026-11-30,高雄市立高雄高級中學,https://www.fooyin.edu.tw/,從 112-114 學年度填報資料模版匯入之獲獎紀錄,上,全國,中華醫事科技大學,0,1,2023/10/01,2023/11/02,是
614,112學年度,萬能科技大學 行銷與流通管理系,護理學院,健康事業管理系,四技3年1班,學生未填,11454842,指導老師,國內競賽,2023全國大專校院品牌行銷創意競賽【全民瘋影片｜強化 IP 人設｜個人/業配商品｜數位行銷創意】,品牌行銷創意競賽,佳作,5000,待通知,,2026-11-30,高雄市立高雄高級中學,https://www.fooyin.edu.tw/,從 112-114 學年度填報資料模版匯入之獲獎紀錄,上,全國,萬能科技大學 行銷與流通管理系,0,1,2023/10/30,2023/11/15,是
615,112學年度,高雄市政府教育局,護理學院,護理科,四技3年1班,學生未填,11453882,指導老師,國內競賽,112學年度全國學生音樂比賽,高中職組大提琴獨奏,優等,5000,待通知,,2026-11-30,高雄市立高雄高級中學,https://www.fooyin.edu.tw/,從 112-114 學年度填報資料模版匯入之獲獎紀錄,上,全國,高雄市政府教育局,0,1,2023/11/20,2023/11/20,否
616,112學年度,國務院台灣事務辦公室,醫學與健康學院,健康美容系,四技3年1班,學生未填,11458994,指導老師,國際競賽,皖台職工美髮技能競賽交流活動,美妝美髮類,優秀獎,5000,待通知,,2026-11-30,高雄市立高雄高級中學,https://www.fooyin.edu.tw/,從 112-114 學年度填報資料模版匯入之獲獎紀錄,上,國際(外),國務院台灣事務辦公室,0,1,2023/11/08,2023/11/10,是
617,112學年度,教育部,醫學與健康學院,健康美容系,四技3年1班,學生未填,11453523,指導老師,國內競賽,2023年第19屆技職之光,技專院校組,技職傑出獎證照達人,5000,待通知,,2026-11-30,高雄市立高雄高級中學,https://www.fooyin.edu.tw/,從 112-114 學年度填報資料模版匯入之獲獎紀錄,上,全國,教育部,0,1,2023/11/02,2023/12/14,是
618,112學年度,中華創新發明學會、俄羅斯阿基米德國際發明協會,醫學與健康學院,健康美容系,四技3年1班,學生未填,11486322,指導老師,國內競賽,2023第十四屆IIIC國際創新發明競賽,創新研發類,銀牌,5000,待通知,,2026-11-30,高雄市立高雄高級中學,https://www.fooyin.edu.tw/,從 112-114 學年度填報資料模版匯入之獲獎紀錄,上,全國,中華創新發明學會、俄羅斯阿基米德國際發明協會,0,1,2023/11/16,2023/11/16,是
619,112學年度,中華芳香精油美容保健協會,醫學與健康學院,健康美容系,四技3年1班,學生未填,11413824,指導老師,國內競賽,2023艾柏盃國際芳療美業保健技藝競賽,整體造型大專組,金牌,5000,待通知,,2026-11-30,高雄市立高雄高級中學,https://www.fooyin.edu.tw/,從 112-114 學年度填報資料模版匯入之獲獎紀錄,上,全國,中華芳香精油美容保健協會,0,1,2023/11/18,2023/11/18,是
620,112學年度,世界發明智慧財產聯盟總會(WIIPA)及台灣發明商品促進協會,醫學與健康學院,健康美容系,四技3年1班,學生未填,11413778,指導老師,國內競賽,2023KIDE高雄國際發明暨設計展,創新研發類,金牌,5000,待通知,,2026-11-30,高雄市立高雄高級中學,https://www.fooyin.edu.tw/,從 112-114 學年度填報資料模版匯入之獲獎紀錄,上,全國,世界發明智慧財產聯盟總會(WIIPA)及台灣發明商品促進協會,0,1,2023/11/30,2023/12/02,是
621,112學年度,中華民國美容美髮諮詢協會、台灣新娘秘書協會、高雄市整體美研究會,醫學與健康學院,健康美容系,四技3年1班,學生未填,11439402,指導老師,國內競賽,2023第27屆高雄市長盃全國美容美髮技術競賽,美妝美容類,冠軍,5000,待通知,,2026-11-30,高雄市立高雄高級中學,https://www.fooyin.edu.tw/,從 112-114 學年度填報資料模版匯入之獲獎紀錄,上,全國,中華民國美容美髮諮詢協會、台灣新娘秘書協會、高雄市整體美研究會,0,1,2023/12/09,2023/12/09,是
622,112學年度,苗栗縣政府、社團法人中華民國美容美髮學術技術世界交流會,醫學與健康學院,健康美容系,四技3年1班,學生未填,11452672,指導老師,國內競賽,2023年第11屆國際盃美容美髮大賽,美妝美容類,季軍,5000,待通知,,2026-11-30,高雄市立高雄高級中學,https://www.fooyin.edu.tw/,從 112-114 學年度填報資料模版匯入之獲獎紀錄,上,全國,苗栗縣政府、社團法人中華民國美容美髮學術技術世界交流會,0,1,2023/12/11,2023/12/12,是
